LabNo,CollectionSquare,HouseholdUnits,Residential Zone,Period,Vesselsform,Group,Ba,Zr,Sr,Rb,Zn,Ni,Fe,Mn,Ti,Ca,K
DLH001,0009B,S017,S,Hongshan,Tongxingqi,G1,963.33,332.85,122.01,103.91,81.92,2791.08,44539.96,883.67,2470.17,4248.01,12681.86
DLH002,0009B,S017,S,Hongshan,Tongxingqi,G1,1064.73,396.21,170.47,109.94,69.33,626.93,41904.98,886.76,3771.89,6702.56,16342.42
DLH003,0072B,S022,S,Hongshan,Tongxingqi,G1,1118.44,336.02,142.11,108.4,72.42,173.32,43906.02,988.51,2113.85,5982.74,13875.15
DLH004,0082B,S010,S,Hongshan,Indeterminate,G3,852.43,83.53,91.5,16.88,104,315.48,7511.33,678.75,3871.22,5801.22,13939.55
DLH005,0077B,S022,S,Hongshan,Tongxingqi,G1,1082.87,333.95,162.12,99.25,67.15,2899.98,43111.45,951.54,1627.98,6294.67,9605.67
DLH006,0099B,S010,S,Hongshan,Pen,G3,1132.94,313.71,172.42,108.15,76.1,3194.48,41022.03,742.41,1452.19,5771.7,14538.39
DLH007,0099B,S010,S,Hongshan,Pen,G2,974.54,326.6,168.31,82.42,52.35,55.91,36481.19,619.86,745.13,5071.95,7379.54
DLH008,0020B,S016,S,Hongshan,Indeterminate,G2,811.64,368.04,125.36,107.54,88.27,456.1,52394.2,2335.55,3489.04,3747.32,14355.28
DLH009,0140A,S006,S,Hongshan,Guan,G3,1116.92,345.62,158.01,123.31,70.61,863,40196.64,794.2,3348.23,5326.54,22016.13
DLH010,0157B,S004,S,Hongshan,Indeterminate,G2,1176.8,358.72,168.31,82.23,61.16,2783.24,35323.36,808.92,2188.51,6056.58,10469.16
DLH011,0162B,S005,S,Hongshan,Tongxingqi,G1,931.87,178.26,125.03,41.84,85.88,152.6,19141.86,754.51,3085.52,6552.16,11495.83
DLH012,0215A,S002,S,Hongshan,Bo,G2,1081.08,344.12,156.29,91.32,65.25,3766.72,42074.23,798.9,1897.52,6188.15,11576.6
DLH013,1076B,D113,D,Hongshan,Tongxingqi,G1,1054.64,299.49,149.52,81.76,71,133.34,29558.83,707.06,3980.91,8638.41,8142.07
DLH014,1081B,D112,D,Hongshan,Tongxingqi,G1,967.9,343.86,171.95,80.62,57.8,2059.55,37412.72,626.02,3220.05,5540.72,12114.05
DLH015,1081B,D112,D,Hongshan,Bo,G2,823,357.67,161.5,106.41,73.47,1869.5,40768.53,702.81,2511.53,4674.42,12946.99
DLH016,1120B,D114,D,Hongshan,Indeterminate,G2,1100.58,133.91,109.44,32.64,86.08,135.66,14949.72,695.5,2695.33,7020.62,11043.26
DLH017,1141B,D108,D,Hongshan,Indeterminate,G3,1100.19,294.4,149.23,117.24,80.15,1100.2,36091.88,765.46,3024.13,3961.49,17321.37
DLH020,1145B,D108,D,Hongshan,Tongxingqi,G1,1141.87,295.09,169.71,68.82,78.18,739.98,33981.93,866.77,3308.82,6345.56,13372.36
DLH021,1137B,D109,D,Hongshan,Guan,G3,1317.39,250.16,183.95,76.55,57.54,1299.28,27000.01,447.01,2416.03,6753.65,13720.05
DLH022,1137B,D109,D,Hongshan,Guan,G3,1434.71,259.97,193.31,96.44,53.45,2152.74,29406,452.26,2146.76,7024.47,15546.06
DLH023,1137B,D109,D,Hongshan,Tongxingqi,G1,965.94,361.9,159.42,94.84,61.96,1063.33,36955.42,660.9,2196.68,5851.6,12012.97
DLH025,2018B,E203,E,Hongshan,Tongxingqi,G1,1248.04,332.4,182.4,78.98,67.44,868.45,38695.81,730.34,3759.48,6060.61,13983.16
DLH026,2022B,E203,E,Hongshan,Tongxingqi,G1,798.94,338.1,160.7,54.69,66.8,1767.45,38774.79,600.13,3261.37,7158.53,10302.7
DLH027,1008B,D101,D,Hongshan,Weng,G2,916.16,306.03,130.77,105.09,76.07,331.77,47354.09,581.75,2521.82,5966.27,10774.99
DLH028,1071A,D112,D,Hongshan,Guan,G2,1137.01,335.79,151.48,80.93,54.26,1294.14,45400.2,707.73,3861.5,5278.02,13368.74
DLH029,1082B,D112,D,Hongshan,Indeterminate,G2,947.59,369.18,176.46,94.3,63.7,140.42,43129.02,733.85,3221.48,4864.7,12514.98
DLH030,1083B,D112,D,Hongshan,Indeterminate,G2,751.53,421.4,173.24,108.17,91.83,165.12,53378.63,837.87,2319.06,2973.64,9644.68
DLH031,1083B,D112,D,Hongshan,Indeterminate,G2,1244.52,333.7,132.13,104.18,72.56,339.09,47267.67,728.92,3764.86,3803.67,14955.5
DLH032,1081B,D112,D,Hongshan,Indeterminate,G2,888.07,368.79,181.78,101.68,68.67,107.66,44202.75,790.69,2132.87,3660.5,9095.16
DLH033,1082B,D112,D,Hongshan,Indeterminate,G2,853.24,350.11,179.38,73.16,50.09,129.11,41380.62,595.48,2718.32,5053.61,10591.13
DLH034,1083B,D112,D,Hongshan,Bo,G2,668.59,427.48,169.52,100.63,93.24,97.79,52870.58,852.28,2893.3,3632.36,10105.41
DLH035,1083B,D112,D,Hongshan,Bo,G2,1123.14,316.74,180.97,83.33,57.68,162.75,62732.34,618.85,2663.76,4974.51,9575.56
DLH036,1081A,D112,D,Hongshan,Indeterminate,G2,900.48,331.56,165.32,63.1,51.57,99.24,38795.32,639.62,2570.35,5130.24,10521.25
DLH037,1075B,D112,D,Hongshan,Guan,G3,1127.86,379.41,221.66,119.79,60.21,240.8,36679.41,965.78,2024.34,5383.29,14712.99
DLH038,1083B,D112,D,Hongshan,Guan,G3,1376.56,313.2,169.56,87.22,54.38,156.8,32625.33,408.06,2021.88,4822.12,14379.8
DLH039,1083A,D112,D,Hongshan,Guan,G3,1087.88,339.9,179.92,78.06,72.49,312.35,47927.21,1207.87,3735.9,7374.37,12046.77
DLH040,1084B,D112,D,Hongshan,Indeterminate,G3,1427.87,318.88,252.14,79.16,59.18,535.04,45118.09,955.66,4534.92,5597.11,15338.25
DLH041,1083A,D112,D,Hongshan,Indeterminate,G3,1316.01,342.14,175.59,92.94,72.74,344.52,46201.46,1095.92,4094.51,7290.89,17495.42
DLH042,1071B,D112,D,Hongshan,Indeterminate,G3,1326.63,320.3,195.28,83.34,45.31,148.26,37485.82,925.8,2594.78,5388.25,14587.25
DLH043,1074B,D112,D,Hongshan,Indeterminate,G3,1344.93,355.34,187.98,106.85,71.18,132.69,44386.67,1199.12,2344.94,5019.68,12760.69
DLH044,1070B,D112,D,Hongshan,Indeterminate,G3,1098.01,213.21,120.41,53.61,85.56,812.49,103149.52,2583.03,2894.2,8495.12,10563
DLH045,1074B,D112,D,Hongshan,Guan,G3,1124.53,351.59,192.22,87.3,73.47,287.31,50299.8,1002.38,3547.23,4502.16,13746.99
DLH046,1081A,D112,D,Hongshan,Tongxingqi,G1,1036.22,355.18,188.24,111.14,65.52,125.03,41050.89,805.34,2646.73,6461.53,14972.51
DLH047,1071A,D112,D,Hongshan,Tongxingqi,G1,1037.43,378.32,156.23,86.91,65.67,137.36,40787.52,996.79,3018.83,6441.8,9988.53
DLH048,1070A,D112,D,Hongshan,Tongxingqi,G1,937.06,384.86,144.28,89.84,63.07,116.65,39427.3,887.09,3776.81,6580.92,14955.52
DLH049,1070B,D112,D,Hongshan,Tongxingqi,G1,1011.23,389.15,170.77,79.97,65.26,264.53,41866.93,682.15,2280.71,6570.59,12165.59
DLH050,1074B,D112,D,Hongshan,Tongxingqi,G1,893.19,381.38,172.08,79.96,59.89,96.27,43054.43,770.79,3926.37,6110.11,13768.22
DLH051,1081A,D112,D,Hongshan,Tongxingqi,G1,967,363.8,180.39,77.14,55.51,79.36,45111.77,549.53,4062.68,5452.36,13684.7
DLH052,1075A,D112,D,Hongshan,Tongxingqi,G1,993.16,381.75,172.07,80.3,55.89,194.84,41399.05,820.34,3339.64,4571.25,12407.01
DLH053,1081B,D112,D,Hongshan,Indeterminate,G2,888.07,368.79,181.78,101.68,68.67,107.66,44202.75,790.69,2132.87,3660.5,9095.16
DLH054,1071B,D112,D,Hongshan,Indeterminate,G3,1326.63,320.3,195.28,83.34,45.31,148.26,37485.82,925.8,2594.78,5388.25,14587.25
DLH055,0106B,S010,S,Hongshan,Tongxingqi,G1,988.62,382.99,169.24,73.33,73.23,90.66,44096.72,888.08,4099.57,5826.13,13899.7
DLH056,0105B,S010,S,Hongshan,Tongxingqi,G1,1081.62,340.27,151.94,96.52,65.08,171.85,43293.67,842.71,3190.62,5654.33,15248.59
DLH057,0099A,S010,S,Hongshan,Tongxingqi,G1,786.57,365.89,151.87,55.4,63.23,131.39,44335.07,1137.05,4497,4620.09,12256.63
DLH058,0100A,S010,S,Hongshan,Tongxingqi,G1,962.49,367.72,161.28,76.39,64.36,147.19,43281.13,922.04,3781.71,5167.95,13452.98
DLH059,0100A,S010,S,Hongshan,Tongxingqi,G1,975.78,347.34,149.09,94.84,67.33,109.55,39068.83,1429.91,2617.27,5314.75,12991.96
DLH060,0100A,S010,S,Hongshan,Tongxingqi,G1,1044.22,352.1,146.2,90.49,59.87,111.11,48159.54,891.21,2809.05,5248.44,12498.87
DLH061,0100B,S010,S,Hongshan,Tongxingqi,G1,1128.52,355.59,146.89,94.41,64.14,142.18,53402.28,955.42,2436.48,5214.63,11606.31
DLH062,0082A,S010,S,Hongshan,Tongxingqi,G1,983.77,355.23,148.51,83.78,63.64,123.56,46241.43,1103.4,3089.95,5099.48,12338.44
DLH063,0082A,S010,S,Hongshan,Tongxingqi,G1,938.97,366.45,169.24,73.61,50.45,132.34,41025.63,544.26,4179.29,6078.35,14339.31
DLH064,0103A,S010,S,Hongshan,Indeterminate,G3,659.83,365.13,154.31,101.63,68.16,79.12,46016.39,543.24,4616.42,3417.74,17910.14
DLH065,0038B,S010,S,Hongshan,Indeterminate,G3,927.77,360.6,154.74,88.36,61.6,119.3,46671.43,786.58,3580.53,4952.55,14048.55
DLH066,0107B,S010,S,Hongshan,Indeterminate,G3,1024.26,326.93,153.66,102.59,65.27,134.47,38696.6,543.9,3106.14,5668.7,13714.94
DLH067,0102A,S010,S,Hongshan,Guan,G3,907.91,375.39,122.38,91.43,64.54,116.52,49970.71,896.09,2866.39,4699.2,10148.44
DLH068,0083A,S010,S,Hongshan,Indeterminate,G3,1010.6,350.7,134.28,83.26,76.59,145.47,50724.6,861.93,3318.52,4476.5,13187.51
DLH069,0105A,S010,S,Hongshan,Indeterminate,G3,1206.04,306.6,221.6,77.35,57.46,163.07,54326.57,817.81,3563.2,5168.63,12183.93
DLH070,0082B,S010,S,Hongshan,Guan,G3,1208.92,358.37,136.77,92.32,79.04,184.15,40063.81,932.67,2354.6,5010.57,13078.61
DLH071,0038B,S010,S,Hongshan,Indeterminate,G3,1083.37,347.77,153.76,86.09,69.41,152.3,48771.42,877.13,3025.68,4838.72,12149.62
DLH072,0099B,S010,S,Hongshan,Pen,G3,1100.22,300.21,156.82,98.92,64.13,126.16,36894.61,683.08,3301.41,3865.27,19222.6
DLH073,0105B,S010,S,Hongshan,Indeterminate,G2,868.03,362.37,167,57.91,41.9,104.54,41718.13,628.69,4226.9,5116.5,12449.13
DLH074,0108B,S010,S,Hongshan,Indeterminate,G2,1105.13,389.31,157.98,81.53,59.84,141.49,42039.08,908.36,4130.08,5648.11,14882.75
DLH075,0105B,S010,S,Hongshan,Indeterminate,G2,1058.96,384.9,172.15,97.34,59.63,95.68,43832.93,877.98,3228.98,4872.69,14064.8
DLH076,0108A,S010,S,Hongshan,Guan,G2,1170.68,361.58,176.8,77.33,76.7,100.6,45409.32,972.91,3269.43,4946.74,12869.62
DLH077,0100A,S010,S,Hongshan,Indeterminate,G2,994.81,362.17,145.93,93.93,72.2,127.98,42956.76,929.64,3623.26,5054.35,14911.22
DLH078,0101A,S010,S,Hongshan,Indeterminate,G2,918.95,348.07,115.87,91.09,75.69,134.6,49473.08,712.96,3690.53,3872.86,13119.47
DLH079,0083B,S010,S,Hongshan,Indeterminate,G2,861.25,236.07,117.75,37.9,77.77,194.11,25948.5,615.42,2703.83,6339.33,11117.43
DLH080,0099B,S010,S,Hongshan,Pen,G2,974.54,326.6,168.31,82.42,52.35,55.91,36481.19,619.86,745.13,5071.95,7379.54
DLH081,0009B,S017,S,Hongshan,Tongxingqi,G1,1064.73,396.21,170.47,109.94,69.33,626.93,41904.98,886.76,3771.89,6702.56,16342.42
DLH082,0082B,S010,S,Hongshan,Indeterminate,G2,1016.8,388.5,154.83,107.8,81.69,103.14,46634.61,977.08,2790.78,4279.92,12146.97
DLH083,0083A,S010,S,Hongshan,Bo,G2,1100.02,151.98,101.38,37.9,91.02,77.82,17849.74,807.13,1956.91,5953.97,10566.91
DLH084,0101A,S010,S,Hongshan,Bo,G2,980.45,304.14,126.36,65.66,74.21,120.16,32238.68,726.04,2696.09,5859.98,12727.21
DLH085,0102B,S010,S,Hongshan,Guan,G2,1011.57,212.76,111.69,42.88,71.23,119.39,25848.72,867.88,3862.26,5997.11,11399.38
DLH086,0105B,S010,S,Hongshan,Bo,G2,663.89,147.57,77.2,29.08,100.59,95.36,17893.23,680.53,3914.53,3822.85,10275.45
DLH087,0083B,S010,S,Hongshan,Guan,G2,1249.19,122.2,88.91,23.09,84.17,95.35,12653.63,843.95,3098.73,5510.42,11111.82
DLH088,0082A,S010,S,Hongshan,Indeterminate,G2,947.95,333.7,133.6,82.68,76.84,139.96,41253.24,808.78,3202.1,4886.62,12823.77
DLH089,0101B,S010,S,Hongshan,Indeterminate,G2,987.25,342.91,189.78,91.88,64.2,102.24,43483.02,681.38,3234.44,5741.16,14561.5
DLH090,0101B,S010,S,Hongshan,Indeterminate,G2,951.38,349.78,160.55,76.11,60.83,138.76,42714.67,858.09,2476.63,6106.94,10626.83
DLH091,0103B,S010,S,Hongshan,Indeterminate,G2,1042.72,342.87,134.14,96.64,79.24,157.01,41337.05,799.66,2828.76,5733.24,11736.34
DLH092,0100B,S010,S,Hongshan,Indeterminate,G2,1207.65,314.59,213.89,76.37,62.43,156.05,47505.81,991.91,3087.55,5573.4,11945.75
DLH093,0100B,S010,S,Hongshan,Indeterminate,G2,1051.37,311.73,134.26,70.67,71.16,199.32,40311.84,808.01,3309.25,4728.7,13375.55
DLH094,0099B,S010,S,Hongshan,Bo,G2,1204.89,355.96,161.29,98.03,69.88,594.9,44002.62,1104.26,3950.08,4443.69,15343.45
DLH095,0108B,S010,S,Hongshan,Indeterminate,G2,969.71,359.02,149.66,103.19,70.85,118.3,43616.13,830.63,3593.81,4700.86,13986.34
DLH096,0108A,S010,S,Hongshan,Indeterminate,G2,505.6,352.88,140.73,91.66,66.13,55.35,46912.39,728.24,2755.98,5874.11,12811.43
DLH097,0103A,S010,S,Hongshan,Indeterminate,G2,893.4,355.95,150.56,97.63,68.95,256.18,44843.71,887.71,3433.29,5006.22,14047.07
DLH098,0106A,S010,S,Hongshan,Indeterminate,G2,1022.67,356.98,153.84,99.62,69.89,323.13,44154.15,940.87,3659.06,4716.92,14458.95
DLH099,0083B,S010,S,Hongshan,Indeterminate,G2,1044.6,299.8,141.57,71.7,76.89,181.27,37660.76,734.21,3112.09,5559.44,13998.12
DLH100,0105B,S010,S,Hongshan,Indeterminate,G2,688.27,335.78,134.27,99.05,72.93,71.44,47853.71,816.98,4588.84,3017.66,17077.38
DLH101,0105B,S010,S,Hongshan,Indeterminate,G2,935.03,382.06,153.91,84.43,76.48,105.83,48340.5,785.19,4383.66,5051.46,13004.26
DLH102,0105B,S010,S,Hongshan,Indeterminate,G2,934.1,354.07,259.76,96.52,54.98,98.3,30871.8,752.9,3014.57,8695.98,16200.73
DLH103,1084A,D103,D,Hongshan,Indeterminate,G2,986.67,341.74,170.65,76.62,64.41,189.3,38330.76,595.81,2420.45,5919.19,10859.12
DLH104,1084A,D103,D,Hongshan,Indeterminate,G2,1013.47,332.26,169.09,76.92,61.66,148.53,36967.54,606.15,3613.48,6373.12,14485.35
DLH105,1082B,D103,D,Hongshan,Indeterminate,G2,985.34,331.48,155.89,84.03,71.99,522.44,38104.12,707.23,2176.46,5494.5,11742.84
DLH106,1082B,D103,D,Hongshan,Indeterminate,G2,925.22,334.45,173.94,81.62,59.95,89.7,39320.33,704.26,3541.42,6201.8,14204.04
DLH107,1081B,D103,D,Hongshan,Indeterminate,G2,1082.4,358.41,173.7,77.72,51.05,150,39128.17,544.59,2382.89,4732.08,10357.45
DLH108,1081B,D103,D,Hongshan,Indeterminate,G2,993.22,282.8,156.71,65.38,71.29,138.94,33123.04,675.88,2665.8,6912.51,10453.75
DLH109,1081B,D103,D,Hongshan,Guan,G2,996.54,326.78,165.06,77.19,63.57,225.27,37418.92,657.99,2691.64,5835.22,11689.52
DLH110,1081B,D103,D,Hongshan,Indeterminate,G2,820.68,362.95,175.55,85.36,60.42,137.12,41636.22,647.21,3116.62,6235.35,13162.86
DLH111,1082A,D103,D,Hongshan,Guan,G2,1253.5,301.24,154.55,67.94,57.63,176.75,36933.91,649.9,2636.45,6482.19,10820.34
DLH112,1084B,D103,D,Hongshan,Indeterminate,G2,981.64,375.05,165.49,99.91,65.55,102.94,41893.67,712.67,3085.62,4658.28,13183.33
DLH113,1080B,D103,D,Hongshan,Indeterminate,G2,969.41,362.46,177.29,93.22,58.87,161.22,41199.27,748.28,3507.68,5552.18,14035.73
DLH114,1080A,D103,D,Hongshan,Indeterminate,G2,1073.15,330.16,165.63,79.45,60.02,187.75,38517.37,685.39,2945.26,5956.53,12181.86
DLH115,1080A,D103,D,Hongshan,Indeterminate,G2,1052.41,353.15,180.99,88.16,65.42,99.08,42771.16,640.65,3906.56,6569.53,13474.3
DLH116,1074A,D103,D,Hongshan,Indeterminate,G2,1023.44,376.07,155.31,90.12,77.61,120.93,43735.77,1064.52,4313.25,4561.8,15539.76
DLH117,1081B,D103,D,Hongshan,Indeterminate,G2,820.68,362.95,175.55,85.36,60.42,137.12,41636.22,647.21,3116.62,6235.35,13162.86
DLH118,1035A,D103,D,Hongshan,Tongxingqi,G1,1037.17,291.95,154.63,63.16,85.73,228.36,40318.93,784.17,2864.55,7364.94,12656.07
DLH119,1036B,D103,D,Hongshan,Tongxingqi,G1,986.62,365.64,172.81,85.22,69.81,131.45,43603.54,1023.55,1885,6808.27,11007.58
DLH120,1036A,D103,D,Hongshan,Tongxingqi,G1,1024.91,346.7,165.94,81.67,74.64,144.96,42607.35,878.22,3242.34,6326.14,13169.43
DLH121,1033B,D103,D,Hongshan,Tongxingqi,G1,1130.34,321.96,187.68,96.17,73.81,135.05,42129.26,929.03,2578.98,7088.17,15480.23
DLH122,1033B,D103,D,Hongshan,Tongxingqi,G1,1000.72,296.37,160.5,61.55,85.03,207.47,40145.55,828.14,3425.52,6059.7,12494.31
DLH123,1034B,D103,D,Hongshan,Tongxingqi,G1,1079.23,341.29,144.34,72.5,50.08,153.13,47385.71,649.26,3075.6,6802.17,11861.57
DLH124,1035B,D103,D,Hongshan,Tongxingqi,G1,1194.13,346.93,166.94,89.02,60.62,146.88,38176.16,716.95,1849.77,6861.55,12115.81
DLH125,1034A,D103,D,Hongshan,Tongxingqi,G1,989.81,385.13,162.89,78.09,62.96,113.44,40896.32,853.65,3576.59,6909.7,13567.67
DLH126,1037B,D103,D,Hongshan,Tongxingqi,G1,1180.34,290.95,145.3,72.04,74.44,196.98,41161.45,1024.7,3909.06,7614.42,13669.44
DLH127,1036A,D103,D,Hongshan,Indeterminate,G3,959.29,354.89,143.08,106.7,72.57,106.39,45456.81,933.64,1957.96,4919.78,10055.77
DLH128,1033B,D103,D,Hongshan,Indeterminate,G3,1283.92,358.61,164.68,90.22,44.68,122.53,39022.4,1352.5,2238.11,7065.96,12593.94
DLH129,1034B,D103,D,Hongshan,Indeterminate,G3,1103.34,347.4,153.99,86.76,63.66,134.84,41634.25,1041.12,2920.43,6627.47,12471.71
DLH130,1035B,D103,D,Hongshan,Indeterminate,G3,1428.89,233.55,176.67,77.27,60.22,150.39,43561.55,1092.44,3315.41,7553.78,13817.23
DLH131,1034A,D103,D,Hongshan,Indeterminate,G3,1235.88,378.52,220.6,63.17,61.17,237.53,41534.46,863.21,3124.34,6859.93,13280.59
DLH132,1035A,D103,D,Hongshan,Indeterminate,G2,1316.23,323.56,187.32,76.89,55.36,170.15,41372.8,1102.72,2892.62,7159.89,13230.59
DLH133,1036A,D103,D,Hongshan,Indeterminate,G2,1039.98,363.77,183.59,91.79,82.38,251.08,46850.8,983.23,3737.97,4479.6,15166.55
DLH134,1036A,D103,D,Hongshan,Indeterminate,G2,979.8,375.36,168.89,92.09,74.63,283.2,43280.42,864.53,3046.6,4721.31,13854.95
DLH135,1033B,D103,D,Hongshan,Indeterminate,G2,1283.57,368.63,184.92,81.19,69.48,125.18,41484.66,973.72,2828.37,6488.18,12876.3
DLH136,1033B,D103,D,Hongshan,Indeterminate,G2,1193.2,355.85,180.38,83.39,66.49,192.84,42045.96,980.32,2922.53,6123.13,13320.61
DLH137,1033B,D103,D,Hongshan,Indeterminate,G2,1070.86,358.18,171.3,95.27,73.3,606.01,42609.52,929.75,2465.79,5845.56,11561.05
DLH138,1033B,D103,D,Hongshan,Indeterminate,G2,919.53,361.94,143.69,74.37,80.76,803.46,40254.93,803.67,3285.39,6391.27,13025.88
DLH139,1033B,D103,D,Hongshan,Indeterminate,G2,1084.31,375.37,167.81,106.03,64.24,365.41,38470.53,824.41,3587.38,6285.85,16512.09
DLH140,1033B,D103,D,Hongshan,Indeterminate,G2,1084.31,375.37,167.81,106.03,64.24,365.41,38470.53,824.41,3587.38,6285.85,16512.09
DLH141,1034B,D103,D,Hongshan,Indeterminate,G2,945.13,328.62,171.5,95.23,75.21,279.97,44409.65,881.03,3938.18,5249.76,16586.62
DLH142,1034B,D103,D,Hongshan,Indeterminate,G2,1780.77,312.39,185.27,90.19,53.81,552.93,41274.45,721.64,2770.53,8198.38,14086.41
DLH143,1034B,D103,D,Hongshan,Indeterminate,G2,1422.04,339.04,184.1,81.29,64.83,324.17,39435.88,821.25,3900.73,6555.09,15641.96
DLH144,1034B,D103,D,Hongshan,Indeterminate,G2,1034,334.99,175.69,98.32,80.61,703.19,45872.49,947.79,1971.27,5624.91,10571.4
DLH145,1033B,D103,D,Hongshan,Indeterminate,G2,1295.49,328.76,179.14,91.26,68.62,465.07,42748.12,842.93,3145.18,6407.04,14221.6
DLH146,1034B,D103,D,Hongshan,Indeterminate,G2,870.18,374.36,169.84,87.37,65.79,94.51,41812.15,1017.4,3473.02,7513.29,12837.26
DLH147,1037A,D103,D,Hongshan,Indeterminate,G2,1043.19,384.67,171.12,90.71,68.13,113.79,44713.2,986.62,2261.84,5832.72,8638.51
DLH148,1036A,D103,D,Hongshan,Indeterminate,G2,1084.27,397.46,162.8,95.13,61.77,124.02,41996.04,817.77,3650.7,5441.84,14279.6
DLH149,1035B,D103,D,Hongshan,Indeterminate,G2,879.56,384.01,160.28,94.31,59.31,106.01,41217.26,812.21,3044.7,6100.48,9836.49
DLH150,1035B,D103,D,Hongshan,Indeterminate,G2,953.85,389.93,143.1,97.19,65.6,116.75,39789.99,780.95,3988.77,6511.25,16382.71
DLH151,1037B,D103,D,Hongshan,Indeterminate,G2,1156.4,361.89,168.51,103.63,65.73,122.91,39554.56,1004.08,3665.01,8400.23,16333.14
DLH152,1037A,D103,D,Hongshan,Indeterminate,G2,1043.19,384.67,171.12,90.71,68.13,113.79,44713.2,986.62,2261.84,5832.72,8638.51
DLH153,1035B,D103,D,Hongshan,Indeterminate,G2,1060.52,341.13,133.95,72.04,66.32,133.16,47208.57,611.24,2881.79,5318.52,10595.91
DLH154,1035B,D103,D,Hongshan,Indeterminate,G2,1023.21,376.57,181.09,98.49,68.65,113.68,42171.59,817.28,1700.6,6494.29,9859.74
DLH155,1034A,D103,D,Hongshan,Indeterminate,G2,1051.53,418.5,171.66,94.19,64.5,130.61,41757.13,840.59,2769.48,6017.77,15329.57
DLH156,1035A,D103,D,Hongshan,Indeterminate,G2,1005.84,309.7,162.7,106.22,76.14,662.3,41093.31,856.08,2559.77,6426.54,14577.38
DLH157,1019B,D101,D,Hongshan,Tongxingqi,G1,974.4,386.4,162.68,75.22,71.11,130.23,41655.53,1169.95,2992.52,7359.62,12487.63
DLH158,1009B,D101,D,Hongshan,Tongxingqi,G1,1062.59,310.4,182.97,70.57,79.02,159.18,41850.36,915.5,2816,7026.15,12890.03
DLH159,1009B,D101,D,Hongshan,Tongxingqi,G1,1062.59,310.4,182.97,70.57,79.02,159.18,41850.36,915.5,2816,7026.15,12890.03
DLH160,1006B,D101,D,Hongshan,Tongxingqi,G1,922.35,380.64,118.56,97.43,78.69,175.25,46154.13,1041.49,2769.84,5186.81,12601.27
DLH161,1005B,D101,D,Hongshan,Tongxingqi,G1,948.06,360.48,164.39,72.33,63.63,129.13,41191.32,756,3769.6,5918.21,14131.2
DLH162,1022B,D101,D,Hongshan,Tongxingqi,G1,1285.54,327.49,190.64,80.36,81.17,103.59,46606.96,1093.07,2591.78,5748.61,11727.99
DLH163,1023B,D101,D,Hongshan,Tongxingqi,G1,1151.6,360.77,172.95,76.92,51.19,116.58,42721.09,606.46,3109.93,6618.15,10912.2
DLH164,1004A,D101,D,Hongshan,Tongxingqi,G1,985.37,328.44,178.45,70.61,81.94,126.33,45619.27,1178.72,3418.88,6269.91,13024.11
DLH165,1006A,D101,D,Hongshan,Tongxingqi,G1,986.31,283.5,151.18,80.64,87.21,198.71,37686.04,984.12,3316.05,5611.61,15793.45
DLH166,1018A,D101,D,Hongshan,Tongxingqi,G1,1032.34,400.67,169.8,73.33,67.5,121.48,44865.55,1037.17,2730.76,5941.56,10944.15
DLH167,1012B,D101,D,Hongshan,Guan,G3,1062.76,364.9,132.03,104.99,47.8,127.67,22837.42,1022.26,1388.72,5157.68,24222.22
DLH168,1011B,D101,D,Hongshan,Indeterminate,G3,1027.99,305.92,158.67,80.71,47.51,466.68,44123.77,880.22,2607.57,5694.48,10427.44
DLH169,1002B,D101,D,Hongshan,Indeterminate,G3,1407.45,330.66,201.85,95.88,62.52,414.99,36748.59,743.17,3092.37,7200.59,13331.6
DLH170,1013B,D101,D,Hongshan,Guan,G3,1135.89,278.57,119.55,55.23,65.09,478.79,40861.29,640.11,3939.18,6804.59,12297.1
DLH171,1009B,D101,D,Hongshan,Indeterminate,G3,1175.09,311.93,183.51,92.16,51.94,232.71,42115.72,932.41,2793.32,5766.35,12498.63
DLH172,1006B,D101,D,Hongshan,Indeterminate,G3,1470.87,302.56,220.4,81.81,49.27,270.61,37801.58,1284.7,3454.44,8347,14168.29
DLH173,1004B,D101,D,Hongshan,Indeterminate,G3,1585.02,284.96,159.78,97.37,68.3,144.22,39210.64,1016.03,2565.49,7163.4,17767.5
DLH174,1004B,D101,D,Hongshan,Indeterminate,G3,1038.53,366.98,158.76,84.9,75.53,125.75,45987.89,950.92,2478.83,5917.31,10952.96
DLH175,1006B,D101,D,Hongshan,Indeterminate,G3,1267.67,229.04,161.95,84.82,35.11,470.26,31117.49,1150.17,2722.09,6383.91,16890.4
DLH176,1017A,D101,D,Hongshan,Indeterminate,G3,1063.86,315.13,157.72,108.05,79.3,597.24,41780.96,994.96,3978.07,5772.56,18509.88
DLH177,1012B,D101,D,Hongshan,Indeterminate,G2,922.94,383,161.63,84.94,64.63,201.75,43035.34,855.05,2414.68,6603.2,7903.65
DLH178,1011B,D101,D,Hongshan,Indeterminate,G2,958.83,330.12,158.8,70.1,70.41,185.95,37157.29,1083.15,2459.17,6497.39,12733.39
DLH179,1011B,D101,D,Hongshan,Indeterminate,G2,865.83,343.94,134.58,105.79,83.05,131.57,47101.86,1018.43,3789.85,6000.98,14179.39
DLH180,1011B,D101,D,Hongshan,Indeterminate,G2,1054.63,360.48,158.39,86.49,76.08,142.65,45532.09,993.23,2579.84,5747.27,10786.48
DLH181,1016B,D101,D,Hongshan,Indeterminate,G2,929.65,343.01,183.71,86.85,80.07,111.29,48225.84,980.07,3899.28,5833.51,13989.74
DLH182,1016B,D101,D,Hongshan,Indeterminate,G2,1221.7,318.46,153.82,91.54,63.23,172.91,40955.6,1036.14,4288.33,5577.01,16633.55
DLH183,1025B,D101,D,Hongshan,Indeterminate,G2,1163.65,338.98,155.17,76.33,51.96,104.88,47639.66,877.47,2992.34,6461.54,11736.08
DLH184,1014B,D101,D,Hongshan,Indeterminate,G2,848.09,355.63,172.59,81.21,83.9,120.3,47942.48,940.82,3914.51,5468.21,13980.63
DLH185,1007B,D101,D,Hongshan,Indeterminate,G2,856.24,331.84,182.72,86.78,81.79,118.49,47522.39,955.08,4271.03,5765.97,13315.93
DLH186,1018B,D101,D,Hongshan,Indeterminate,G2,864.83,391.55,161.02,105.79,64.3,104.48,39813.18,848.17,4063.44,6680.36,16890.8
DLH187,1020A,D101,D,Hongshan,Indeterminate,G2,874.02,344.13,137.59,93.25,65.02,98.54,40850.31,640.4,3481.61,4215.45,16470.6
DLH188,1002B,D101,D,Hongshan,Indeterminate,G2,903.86,337.19,156.73,81.21,76.8,160.77,40283.5,838.61,3605.36,4868.96,14553.88
DLH189,1008A,D101,D,Hongshan,Indeterminate,G2,1000.43,354.4,174.47,77.66,72.06,114.63,43482.93,912.01,3105.51,5699.36,12036.9
DLH190,1019B,D101,D,Hongshan,Indeterminate,G2,1074.22,379.86,120.71,99.78,81.65,171.86,49576.91,1119.87,2762.68,4212.89,10664.43
DLH191,1026B,D101,D,Hongshan,Indeterminate,G2,1019.08,334.46,179.49,82.66,67.31,117.34,45071.42,882.21,4158.23,5752.87,15327.66
DLH192,1009B,D101,D,Hongshan,Indeterminate,G2,908.25,343.56,179.25,74.63,76.87,107.56,47608.89,810.45,4759.92,5663.41,15971.84
DLH193,1005B,D101,D,Hongshan,Indeterminate,G2,772.44,386.85,143.95,97.27,68.7,87.59,42190.21,972.28,4345.3,6433.94,15942.82
DLH194,1005B,D101,D,Hongshan,Indeterminate,G2,1135.79,336.21,182.75,81.66,55.22,113.06,40090.49,892.07,3215.91,6963.39,13573.68
DLH195,1006B,D101,D,Hongshan,Indeterminate,G2,979.97,369.82,115.75,84.19,76.09,149.12,45205.36,1183.61,2987.83,5335.6,12608.23
DLH196,1009B,D101,D,Hongshan,Indeterminate,G2,1089.09,289.07,166.27,63.24,79.62,168.95,38672.99,871.61,3628.08,7166.98,13205.78
DLH197,1004B,D101,D,Hongshan,Indeterminate,G2,1043.47,340.6,182.32,87.68,77.92,138.73,46010.31,948.75,3380.32,5966.78,13206.61
DLH198,1022B,D101,D,Hongshan,Indeterminate,G2,1178.26,344.04,187.13,86.64,71.27,242.4,41873.93,1689.78,2759.07,9296.34,12071.36
DLH199,1010B,D101,D,Hongshan,Indeterminate,G2,837.39,372,160.22,61.94,69.95,157.03,40406.23,813.63,3073.86,6757.4,11750.79
DLH200,1010B,D101,D,Hongshan,Indeterminate,G2,938.07,356.41,171.41,64.83,76.81,131.05,46792.06,778.49,4559.21,5202.29,14640.45
DLH201,1004B,D101,D,Hongshan,Indeterminate,G2,998.57,296.26,125.03,88.3,87.91,196.29,39523.44,854.76,4355.45,4891.24,17203.21
DLH202,1005B,D101,D,Hongshan,Guan,G2,1086.01,122.45,111.04,25.41,60.03,85.41,13295.33,753.75,3413.62,7435.17,8175.67
DLH203,1021B,D101,D,Hongshan,Guan,G2,1188.46,107.69,86.16,16.99,83.1,102.83,10672.56,624.21,2488.7,5648.44,12417.25
DLH204,1018B,D101,D,Hongshan,Guan,G2,1044.14,123.63,93.46,23.8,66.51,83.74,12775.67,646.04,2318.99,6250.26,12810.27
DLH205,1006B,D101,D,Hongshan,Bo,G2,1076.02,256.98,93.06,49.81,95.91,106.69,28913.72,846.34,3759.56,4480.36,10466.1
DLH206,1138B,D109,D,Hongshan,Guan,G3,949.66,351.36,236.66,91.93,64.24,102.62,31801.47,790.91,2240.38,7849.43,10465.77
DLH207,1138B,D109,D,Hongshan,Indeterminate,G3,1341.15,314.82,174.21,83.4,71.4,153.97,44085.1,922.58,3323.34,7135.04,10192.7
DLH208,1133A,D109,D,Hongshan,Indeterminate,G3,964.11,372.88,178.83,96.81,63.05,149.9,38815.82,800.13,1902.19,7661.34,9895.29
DLH209,1127B,D109,D,Hongshan,Indeterminate,G3,977.65,337.91,162.12,69.74,64.16,134.97,34099.25,671.91,2158.04,5892.82,12829.86
DLH210,1132B,D109,D,Hongshan,Guan,G3,985.09,389.02,172.05,79.42,78.25,173.32,46794.15,951.56,4049.63,4690.25,13477.67
DLH211,1132B,D109,D,Hongshan,Indeterminate,G3,993.1,389.32,161.88,93.85,63.83,120.79,41122.62,753.11,3129.62,6037.61,11501.37
DLH212,1128B,D109,D,Hongshan,Indeterminate,G3,981.53,371.88,146.51,84.23,67.43,145.38,38821.02,892.39,3439.39,5876.94,12792.34
DLH213,1131B,D109,D,Hongshan,Indeterminate,G3,898.45,395.09,210.26,127.58,76.59,129.42,47973.88,964.23,1961.77,2422.98,9369.17
DLH214,1133B,D109,D,Hongshan,Indeterminate,G3,917.58,251.88,166.79,47.47,68.86,195.27,37058.62,877.4,3073.86,6852.45,13306.64
DLH215,1127A,D109,D,Hongshan,Indeterminate,G3,1133.42,412.1,175.17,94.14,65.43,318.67,43012.21,840.48,2817.09,5741.21,12185.67
DLH216,1136A,D109,D,Hongshan,Tongxingqi,G1,1000.55,358.96,173.81,71.34,62.74,147.01,42836.13,894.24,2982.04,6274.51,11496.4
DLH217,1138A,D109,D,Hongshan,Tongxingqi,G1,931.28,300,151.87,61.76,88.19,247.85,40599.42,802.27,3544.35,5903.67,10731.91
DLH218,1128A,D109,D,Hongshan,Tongxingqi,G1,1029.22,405.4,135.15,96.99,77.16,128.82,50344.78,933.03,3344.81,3601.05,11846.13
DLH219,1133A,D109,D,Hongshan,Tongxingqi,G1,977.2,275.12,164.45,83.93,85.73,207.18,34935.75,770.47,2248.21,6250.54,13691.31
DLH220,1122A,D109,D,Hongshan,Tongxingqi,G1,969.18,374.58,164.2,79.02,73.27,142.43,40996.36,763.89,2844.49,6509.7,12030.53
DLH221,1136B,D109,D,Hongshan,Tongxingqi,G1,922.91,384.34,164.26,82.26,60.12,133.26,40794.27,1251.67,2872.08,5570.87,12857.17
DLH222,1123A,D109,D,Hongshan,Tongxingqi,G1,974.49,284.98,156.13,80.77,82.52,191.32,36559.06,1314.4,2370.24,6120.65,11798.62
DLH223,1123A,D109,D,Hongshan,Tongxingqi,G1,929.74,343.93,168.03,88.21,75.8,129.21,43795.47,983.51,3236.32,5697.51,14060.61
DLH224,1142A,D109,D,Hongshan,Tongxingqi,G1,1437.47,332.41,194.97,87.5,57.87,123,38115.44,903.78,3783.57,7712.21,16691.48
DLH225,1127A,D109,D,Hongshan,Tongxingqi,G1,940.87,299.44,151.96,57.42,81.04,148.78,41847.42,695.45,2431.11,5912.45,8583.16
DLH226,1127B,D109,D,Hongshan,Indeterminate,G2,1029.89,374.33,172.89,75.58,64.97,146.76,41739.16,923.79,2828.66,6650.77,9290.02
DLH227,1138B,D109,D,Hongshan,Indeterminate,G2,900.64,385.13,162.21,80.92,72.97,115.66,43821.3,943.84,3291.37,5449.85,12370.49
DLH228,1132B,D109,D,Hongshan,Indeterminate,G2,1213.66,315.6,155.35,82.69,79.04,192.67,38694.64,1093.38,2629.84,7077.67,11650.5
DLH229,1132A,D109,D,Hongshan,Indeterminate,G2,976.27,353.76,110.99,75.42,77.54,184.61,39774.33,661.88,1531.74,4879.32,10037.4
DLH230,1126B,D109,D,Hongshan,Indeterminate,G2,1086.96,367.96,174.8,74.45,56.07,118.13,42550.53,722.61,4083.05,6433.36,13524.88
DLH231,1136B,D109,D,Hongshan,Indeterminate,G2,1010.52,359.79,165.58,59.32,55.5,108.05,41583.38,886.82,4109.52,5849.89,12353.28
DLH232,1131B,D109,D,Hongshan,Indeterminate,G2,1163.76,291.93,170.1,87.28,77.58,140.94,39956.01,871.01,4235.57,5670.54,17007.62
DLH233,1142A,D109,D,Hongshan,Indeterminate,G2,1154.24,367.75,167.35,87.88,62.33,140.95,37516.72,809.95,2629.76,6203.11,12746.52
DLH234,1131A,D109,D,Hongshan,Indeterminate,G2,1025.93,316.48,169.57,86.43,78.11,144.02,41766.81,802.73,2856,5874.48,13125.87
DLH235,1128A,D109,D,Hongshan,Indeterminate,G2,1055.65,365.05,166.17,72.38,69.04,149.06,39528.66,888.95,3259.13,6134.93,14004.95
DLH236,1136A,D109,D,Hongshan,Indeterminate,G2,1173.37,349.88,162.32,82.71,63.19,134.73,38017.6,715.69,3007.13,5399.92,13429.22
DLH237,1133B,D109,D,Hongshan,Indeterminate,G2,1014.17,330.21,135.36,64.4,91.35,279.07,48301.05,1219.76,3581.21,5859.76,11738.08
DLH238,1131B,D109,D,Hongshan,Indeterminate,G2,1042.98,428.3,163.6,78.31,76.27,153.06,47372.12,911.58,1557.85,4320.34,7541.4
DLH239,1133B,D109,D,Hongshan,Indeterminate,G2,1034.55,343,176.18,82.22,82.31,113.69,46542.59,1183.17,4282.67,5520.21,15664.1
DLH240,1133B,D109,D,Hongshan,Indeterminate,G2,1034.55,343,176.18,82.22,82.31,113.69,46542.59,1183.17,4282.67,5520.21,15664.1
DLH241,1133B,D109,D,Hongshan,Indeterminate,G2,1040.05,352.42,172.21,66.49,77.69,111.55,46802.95,985.42,3892.26,5432.34,13742.27
DLH242,1125B,D109,D,Hongshan,Indeterminate,G2,987.5,398.05,154.88,89.53,71.72,149.77,52058.79,1270.06,4291.08,5145.64,14435.73
DLH243,1138B,D109,D,Hongshan,Indeterminate,G2,1037.3,347.71,174.2,74.36,80,112.62,46672.77,1084.3,4087.47,5476.28,14703.19
DLH244,1138B,D109,D,Hongshan,Indeterminate,G2,1020.7,364.49,167.76,79.41,77.24,125,48468.11,1146.22,4155.34,5366.06,14614.03
DLH245,1142B,D109,D,Hongshan,Indeterminate,G2,1021.39,365.67,167.26,77.45,76.66,124.74,48500.66,1121.5,4106.54,5355.08,14373.8
DLH246,1142A,D109,D,Hongshan,Indeterminate,G2,1213.78,333.16,180.69,81.93,57.14,120.6,37307.62,597.71,2871.69,6695.32,13609.89
DLH247,1142B,D109,D,Hongshan,Indeterminate,G2,1073.29,352.76,172.48,78.29,72.76,120.74,45237.29,987.43,3805.26,5723.18,14325.23
DLH248,1142A,D109,D,Hongshan,Indeterminate,G2,1038.46,360.97,169.16,78.38,75.55,123.49,47402.02,1085.05,4022.38,5481.44,14437.69
DLH249,1142A,D109,D,Hongshan,Indeterminate,G2,1055.88,356.86,170.82,78.33,74.16,122.12,46319.65,1036.24,3913.82,5602.31,14381.46
DLH250,1138A,D109,D,Hongshan,Indeterminate,G2,1055.88,356.86,170.82,78.33,74.16,122.12,46319.65,1036.24,3913.82,5602.31,14381.46
DLH251,0027B,S016,S,Hongshan,Indeterminate,G3,1133.47,331.15,146.44,93.7,73.18,162.1,32849.39,633.82,2802.53,5011.64,17777.89
DLH252,0027B,S016,S,Hongshan,Indeterminate,G3,1155.36,295.53,223.44,106.62,63.31,134.36,35216.93,737.78,2760.62,4819.91,16196.19
DLH253,0021B,S016,S,Hongshan,Incense Burner,G3,951.19,367.37,165.45,68.25,83.01,142.93,46911.26,913.53,3351.56,6874,12460.5
DLH254,0014A,S016,S,Hongshan,Guan,G3,1114.85,342.75,150.44,74.7,71.65,160.92,48650.63,1157.4,3180.68,4965.57,13143.3
DLH255,0025B,S016,S,Hongshan,Guan,G3,1349.61,311.47,196.52,92.34,50.38,123.18,35738.61,893.65,3426.76,7312.25,16421.87
DLH256,0021B,S016,S,Hongshan,Tongxingqi,G1,1206.61,316.58,190.13,91.22,61.78,139.49,39868.72,929.61,3122.69,5699.24,15253.79
DLH257,0015B,S016,S,Hongshan,Tongxingqi,G1,1081.64,323.14,160.15,85.03,71.76,170.67,42478.4,1008.2,2414.99,7788.78,10289.04
DLH258,0028B,S016,S,Hongshan,Tongxingqi,G1,1294.58,367.08,182.37,83.83,74.91,134.45,49154.59,1181.85,3745.76,7546.35,13573.58
DLH259,0023B,S016,S,Hongshan,Tongxingqi,G1,1233.11,329.57,182.29,88.11,64.71,141.95,41810.08,1003.33,3177.55,7086.66,13884.57
DLH260,0020A,S016,S,Hongshan,Tongxingqi,G1,1054.71,326.23,137.76,62.79,94.01,257.75,45755.43,1130.94,2335.1,5992.3,10726.6
DLH261,0022A,S016,S,Hongshan,Tongxingqi,G1,941.17,355.24,133.16,97.58,76.06,148.65,44778.16,932.79,2966.15,5641.84,13932.13
DLH262,0023B,S016,S,Hongshan,Tongxingqi,G1,1027.78,292.71,136.9,51.31,81.49,249.81,34422.41,914.15,2234.81,6994.76,12895.62
DLH263,0025A,S016,S,Hongshan,Tongxingqi,G1,990.86,289.51,135.55,57.16,87.33,265.9,36200.99,893.81,2680.51,6758.94,12092.46
DLH264,0029A,S016,S,Hongshan,Tongxingqi,G1,1003.63,315.92,135.84,67.21,84.72,230.53,40289.25,967.92,2554.14,6346.96,12411.7
DLH265,0023A,S016,S,Hongshan,Tongxingqi,G1,978.55,320.22,134.85,73.98,82.7,215.03,40422.8,931.51,2733.6,6249.25,12812.1
DLH266,0029B,S016,S,Hongshan,Indeterminate,G2,839.82,291.74,118.28,60.4,87.53,221.46,31833.81,842.74,3704.04,6026.07,13858.09
DLH267,0029B,S016,S,Hongshan,Indeterminate,G2,991.01,308.55,135.41,66.12,84.92,237.15,38971.01,931.08,2656.08,6451.72,12438.75
DLH268,0029B,S016,S,Hongshan,Indeterminate,G2,1189.78,331.21,171.04,96.16,69.44,174.86,45391.56,1204.86,2693,6859.82,13103.79
DLH269,0054A,S016,S,Hongshan,Indeterminate,G2,999.79,312.93,139.9,74.17,81.15,212.12,39154.8,977.55,2946.68,6396.71,13053.18
DLH270,0037B,S016,S,Hongshan,Indeterminate,G2,1005.1,311.11,141.16,74.21,80.76,211.4,38837.79,989.06,2999.95,6433.58,13113.45
DLH271,0037B,S016,S,Hongshan,Indeterminate,G2,1146.72,322.81,159.72,66.72,73.1,150.81,35825.8,947.01,2605.22,8145.79,12184.62
DLH272,0054A,S016,S,Hongshan,Indeterminate,G2,953.05,314.94,123.97,72.35,81.2,179.48,34590.3,703.47,2195.43,5468.68,10864.6
DLH273,0028A,S016,S,Hongshan,Indeterminate,G2,950.08,333,171.78,89.72,77.71,125.43,48248.63,1096.93,3539.51,7596.04,15082.39
DLH274,0028B,S016,S,Hongshan,Indeterminate,G2,846.06,336.19,150.25,104.13,66.62,126.75,47469.41,873.1,3755.21,7429.99,15662.72
DLH275,0026B,S016,S,Hongshan,Indeterminate,G2,780.98,404.44,163.92,78.78,84.55,112.63,57618.55,1179.02,3171.88,6697.38,10094.26
DLH276,0026B,S016,S,Hongshan,Indeterminate,G2,916.4,328.04,148.67,88.73,75.18,143.89,43436.11,891.17,3163.38,6831.57,13869.9
DLH277,0028A,S016,S,Hongshan,Indeterminate,G2,889.31,343.32,151.72,86.74,77.05,137.64,46272.6,948.74,3165.08,6804.73,13114.77
DLH278,0026A,S016,S,Hongshan,Indeterminate,G2,922.23,370.22,179.1,67.16,53.06,110.11,42933.77,880.91,3080.23,7819.04,11790.07
DLH279,0028B,S016,S,Hongshan,Indeterminate,G2,877.23,361.51,160.85,80.35,72.46,126.07,47565.26,974.96,3145.14,7038.18,12217.25
DLH280,0024A,S016,S,Hongshan,Indeterminate,G2,868.86,358.97,143.31,86.32,78.25,136.95,41451.14,916.63,3377.67,6047.29,11980.23
DLH281,0054B,S016,S,Hongshan,Indeterminate,G2,1167.52,314.55,152.09,88.29,79.72,234.48,35374.82,892.62,3127.11,7021.59,15407.69
DLH282,0025B,S016,S,Hongshan,Indeterminate,G2,972.2,365.26,148.81,78.91,83.18,205.42,42999.21,1397.53,3721.99,6216.21,14093.59
DLH283,0026B,S016,S,Hongshan,Indeterminate,G2,1065.46,356.95,144.26,100.27,75.13,163.87,43332.87,814.09,2879.67,5305.81,13042.21
DLH284,0026B,S016,S,Hongshan,Indeterminate,G2,1018.51,348.93,147.12,88.45,79.07,185.18,40789.51,1005.22,3276.61,6147.73,13630.93
DLH285,0026B,S016,S,Hongshan,Indeterminate,G2,919.44,330.7,153.85,83.81,68.11,158.71,45009.28,914.17,3833.07,6489.2,12054.41
DLH286,0030A,S016,S,Hongshan,Indeterminate,G2,993.9,350.46,148.51,87.86,76.37,178.3,43032.72,1032.75,3427.84,6039.74,13205.29
DLH287,0028A,S016,S,Hongshan,Indeterminate,G2,986.51,418.96,153.26,79.9,58.7,174.17,49472.64,1535.46,2278.11,4681.95,10509.3
DLH288,0026A,S016,S,Hongshan,Indeterminate,G2,979.59,362.26,150.68,85,70.56,174.09,44576.04,1121.9,3203.91,5839.65,12349.98
DLH289,0017B,S016,S,Hongshan,Indeterminate,G2,1266.44,321.96,163.57,73.22,58.58,175.36,40482.23,1332.74,2572.45,6652.2,12704.6
DLH290,0016B,S016,S,Hongshan,Indeterminate,G2,986.67,377.23,150.82,84.25,68.55,175.52,45693.8,1230.04,2969.95,5520.45,12021.52
DLH291,0214B,S002,S,Hongshan,Indeterminate,G3,1398.97,290.73,205.13,80.28,55.94,129.62,37484.26,1011.93,2913.22,5428.2,13892.58
DLH292,0215A,S002,S,Hongshan,Indeterminate,G3,1218.86,317.84,148.3,109.69,67.96,121.37,42998.53,1112.04,4161.57,4327.96,23176.84
DLH293,0213B,S002,S,Hongshan,Tongxingqi,G1,1115.22,344.88,174.96,80.41,62.26,131.42,40457.45,1515.45,4199.01,5835.44,15889.61
DLH294,0217B,S002,S,Hongshan,Tongxingqi,G1,976.11,333.62,138.08,94.8,71.14,115.39,44243.51,745.32,4159.81,3660.68,17124.06
DLH295,0217B,S002,S,Hongshan,Tongxingqi,G1,1023.9,389.14,134.1,106.19,72.62,126.14,46389.97,1290.49,4440.53,4791.42,16139.66
DLH296,0217B,S002,S,Hongshan,Tongxingqi,G1,1024.93,335.59,113.41,83.13,91.14,144.31,55573.15,895.3,4654.2,3564.39,15433.99
DLH297,0214B,S002,S,Hongshan,Tongxingqi,G1,1068.03,319.14,114.72,104.85,84.89,152.23,49480.42,887.31,3971.27,5043.5,14620.9
DLH298,0214B,S002,S,Hongshan,Tongxingqi,G1,1068.03,319.14,114.72,104.85,84.89,152.23,49480.42,887.31,3971.27,5043.5,14620.9
DLH299,0215B,S002,S,Hongshan,Tongxingqi,G1,1094.99,337.15,167.86,78.98,71.19,159.47,41447.09,1246.95,3781.14,5724.82,14629.68
DLH300,0216B,S002,S,Hongshan,Tongxingqi,G1,876.83,347.47,138.57,93.21,79.72,155.03,44430.5,949.53,3275.4,5252.81,14101.66
DLH301,0212B,S002,S,Hongshan,Tongxingqi,G1,1170.33,384.84,131.65,85.37,69.54,145.42,44630.56,1032.37,3160.49,5126.84,13043.67
DLH302,0211B,S002,S,Hongshan,Tongxingqi,G1,914.34,326.09,112.33,81.6,85.4,254.13,41491.83,996.66,2552.2,5466.97,10180.4
DLH303,0213B,S002,S,Hongshan,Indeterminate,G2,999.14,357.21,130.04,97.98,78.47,190.09,45164.47,1078.06,3832.5,6979.13,14296.76
DLH304,0218A,S002,S,Hongshan,Indeterminate,G2,1001.03,311.42,153.35,86.14,75.35,186.37,36719.92,851.99,3605.54,6215.02,14897.04
DLH305,0218A,S002,S,Hongshan,Indeterminate,G2,1019.59,349.04,120.03,88.66,86.77,222.75,43060.45,975.23,3081.07,4816.75,13188.12
DLH306,0218A,S002,S,Hongshan,Indeterminate,G2,1095.16,348.54,167.34,86.96,66.03,153.48,43570.94,1250.05,4051.7,6032.19,15260.04
DLH307,0217B,S002,S,Hongshan,Indeterminate,G2,970.36,345.23,155.28,86.74,55.95,127.02,46802.74,894.97,3564.18,5883.62,12355.51
DLH308,0217B,S002,S,Hongshan,Indeterminate,G2,966.46,328.13,136.24,75.56,86.45,221.37,43757.5,996.42,2247.03,6138.92,8469.42
DLH309,0217B,S002,S,Hongshan,Indeterminate,G2,920.52,341.58,119.56,95.31,79.2,167.07,46657.75,1080.3,4111.28,4354.3,15416.92
DLH310,0217A,S002,S,Hongshan,Indeterminate,G2,835.34,352.43,98.06,105.63,78.12,146.01,48730.35,993.5,2642.51,4843.24,12848.63
DLH311,0217A,S002,S,Hongshan,Indeterminate,G2,1021.33,302.07,265.02,78.95,66.28,155.67,35617.75,832.18,3351.87,6723.45,12150.37
DLH312,0214B,S002,S,Hongshan,Indeterminate,G2,1167.47,284.69,105.8,56.22,85.74,313.85,35062.07,1012.29,3212.53,5359.74,11210.51
DLH313,0215B,S002,S,Hongshan,Indeterminate,G2,1025.4,366.89,144.94,106.71,71.9,119.49,43055.84,1118.35,3846.96,5094.4,16572.73
DLH314,0215B,S002,S,Hongshan,Indeterminate,G2,1016.89,351.05,147.29,110.54,67.76,125.39,43073.74,930.65,2537.58,5920.25,13820.4
DLH315,0215B,S002,S,Hongshan,Indeterminate,G2,933.21,357.52,147.05,78.44,80.45,175.76,52083.51,1351.2,4541.54,4456.6,14355.84
DLH316,0218B,S002,S,Hongshan,Indeterminate,G2,1031.86,310.63,145.91,69.43,67.37,209.58,42072.93,763.31,1896.83,5942.37,9835.05
DLH317,0213A,S002,S,Hongshan,Indeterminate,G2,955.14,308.97,141.4,89.62,75.34,193.25,38912.61,745.22,2687.95,5371.41,14680.19
DLH318,0216A,S002,S,Hongshan,Indeterminate,G2,1115.13,326.79,131.25,79.38,77.39,168.05,39883.11,1302.67,3395.74,5123.99,14590.86
DLH319,0216A,S002,S,Hongshan,Indeterminate,G2,1086.27,337.97,164.85,85.37,58.87,141.94,44187.89,732.13,2986.56,6097.08,13187.26
DLH320,0216A,S002,S,Hongshan,Indeterminate,G2,1044.97,353.77,151.51,91.76,67.66,170.92,47215.29,925.08,3877.5,5158.22,14393.7
DLH321,0211A,S002,S,Hongshan,Indeterminate,G2,1078.83,340.29,152.82,89.72,82.41,187.15,43886.98,1081.34,2842.49,6299.88,12077.43
DLH322,0214A,S002,S,Hongshan,Indeterminate,G2,948.74,382.8,128.52,93.9,83.04,164.29,52088.98,1928.34,4259.14,4698.45,13688.05
DLH323,0211B,S002,S,Hongshan,Indeterminate,G2,959.12,341.56,151.15,96.53,76.92,133.59,46470.59,974.17,3078.67,6297.76,12428.15
DLH324,0211B,S002,S,Hongshan,Indeterminate,G2,1060.82,300.71,141.47,91.72,73.98,175.14,38236.03,623.72,4065.93,4622.31,17734.37
DLH325,0212B,S002,S,Hongshan,Indeterminate,G2,981.62,365.72,165.87,79.28,79.83,155.58,50566.89,1144.53,3059.8,6155.68,12615.56
DLH326,0216B,S002,S,Hongshan,Indeterminate,G2,954.5,379.56,109.3,104.95,77.97,157.85,47507.98,875.63,3424.89,4828.91,12269.31
DLH327,0216B,S002,S,Hongshan,Indeterminate,G2,1031.1,348.88,98.75,116.38,73.84,151.39,47423.29,1309.43,3520.23,4146.33,13755.5
DLH328,0073A,S022,S,Hongshan,Indeterminate,G3,1005.95,347.68,144.39,69.15,52.97,133.64,47254.55,669.26,2778.77,6156.13,11373.54
DLH329,0070A,S022,S,Hongshan,Indeterminate,G3,1172.14,303.66,220.26,81.66,53.8,159.69,41171.9,832.41,1279.22,6275.85,11474.62
DLH330,0070B,S022,S,Hongshan,Tongxingqi,G1,963.93,300.88,112.86,84.25,82.27,180.43,42130.22,894.08,4106.83,4713.33,16193.43
DLH331,0070B,S022,S,Hongshan,Tongxingqi,G1,939.1,361.98,141.35,89.93,73.56,153.89,40743.77,899.53,3845.68,5091.89,14795.13
DLH332,0070B,S022,S,Hongshan,Tongxingqi,G1,1005.35,324.19,131.19,77.45,63.97,178.36,46600.2,1457.91,3081.09,5962.42,13400.25
DLH333,0072B,S022,S,Hongshan,Tongxingqi,G1,966.42,381.39,159.39,83.73,55.85,140.69,44394.6,756.13,3415.19,6437.43,12723.5
DLH334,0048B,S022,S,Hongshan,Tongxingqi,G1,1049.24,323.84,144.89,93.43,70.56,166.52,42951.87,871.99,2785.57,6958.05,12747.74
DLH335,0077B,S022,S,Hongshan,Tongxingqi,G1,1161.95,332.02,144.92,109.82,74.75,149.4,44205.86,917.56,2284.04,7301.5,13381.52
DLH336,0069B,S022,S,Hongshan,Tongxingqi,G1,1167.38,367.91,183.84,77.36,69.87,117.87,48769.81,1300.93,2354.95,6959.12,10606.29
DLH337,0074A,S022,S,Hongshan,Tongxingqi,G1,1157.15,383.18,171.83,102.39,65.09,136.88,44730.98,990.63,3283.84,6720.28,14962.03
DLH338,0075B,S022,S,Hongshan,Tongxingqi,G1,1033.62,346.69,161.92,92.6,68.1,133.35,41958.5,1125.25,3581.64,7936.31,11591.26
DLH339,0065A,S022,S,Hongshan,Tongxingqi,G1,1085.19,361.7,160.07,75.29,70.22,196.51,45750.63,750.96,3140.42,6380.48,13352.91
DLH340,0073B,S022,S,Hongshan,Indeterminate,G2,1183.96,378.45,191.82,72.75,72.48,159.46,45363.07,1268.88,3519.43,8495.77,12471.69
DLH341,0073B,S022,S,Hongshan,Indeterminate,G2,1183.96,378.45,191.82,72.75,72.48,159.46,45363.07,1268.88,3519.43,8495.77,12471.69
DLH342,0073B,S022,S,Hongshan,Indeterminate,G2,1052.1,331.22,157.78,83.88,88.97,162.17,50467.07,1246.64,2894.31,6678.75,11845.57
DLH343,0070B,S022,S,Hongshan,Indeterminate,G2,1239.92,326.25,191.71,89.72,59.12,128.52,41447.12,847.75,2353.82,8877.56,13008.45
DLH344,0070B,S022,S,Hongshan,Indeterminate,G2,1036.46,334.42,154.54,104.02,61.89,144.71,45887.73,850.33,2656.76,6998.16,13060.33
DLH345,0048B,S022,S,Hongshan,Indeterminate,G2,923.36,306.1,140.63,74.49,68.31,193.36,41979.61,730.62,1562.49,6874.3,6966.37
DLH346,0069B,S022,S,Hongshan,Indeterminate,G2,1064.04,426.87,165.88,96.79,65.45,144.06,52192.27,800.35,2491.51,6992.38,10524.59
DLH347,0069B,S022,S,Hongshan,Indeterminate,G2,972.24,338.16,136.69,90.44,73.94,153.38,38101.23,827.39,3061.08,5617.82,13596.63
DLH348,0069B,S022,S,Hongshan,Indeterminate,G2,980.72,372.74,152.83,97.8,74.82,151.45,45697.31,938.11,2382.65,8894.54,11213.24
DLH349,0064B,S022,S,Hongshan,Indeterminate,G2,1005.41,316.19,140.68,82.78,85.67,214.96,42374.67,1069.6,3090.9,6348.73,14606.19
DLH350,0064B,S022,S,Hongshan,Indeterminate,G2,1059.13,329.52,153.43,75.53,76.83,224.62,44879.55,1142.92,2575.34,6643.05,11376.73
DLH351,0074A,S022,S,Hongshan,Indeterminate,G2,959.97,331.13,148.6,73.08,73.88,172.77,46017.88,1239.65,3388.51,5982.2,9913.38
DLH352,0076B,S022,S,Hongshan,Indeterminate,G2,1079.34,325.14,160.26,85.97,62.49,161.05,44174.61,816.16,2679.22,6684.01,12852.58
DLH353,0075B,S022,S,Hongshan,Indeterminate,G2,873.78,342.83,162.1,82.84,72.17,128.48,45971.46,950.51,3600.43,6914.23,13353.7
DLH354,0076A,S022,S,Hongshan,Indeterminate,G2,928.55,317.64,121.35,91.57,79.45,175.14,45175.84,1049.05,1953.38,5799.59,12043.07
DLH355,0076A,S022,S,Hongshan,Indeterminate,G2,1104.56,356.33,170.44,77.15,70.21,159.72,48985.31,1425.67,3424.37,6822.03,11610.06
DLH356,0068B,S022,S,Hongshan,Indeterminate,G2,1046.16,349.74,188.9,100.68,64.58,119.6,33894.93,750.95,1928.79,6871.73,11058.69
DLH357,0069A,S022,S,Hongshan,Indeterminate,G2,1222.16,321.01,172.06,81.26,52.56,154.38,43070.94,1401.34,2287.02,7128.63,11353.58
DLH358,0069A,S022,S,Hongshan,Indeterminate,G2,1222.16,321.01,172.06,81.26,52.56,154.38,43070.94,1401.34,2287.02,7128.63,11353.58
DLH359,0069A,S022,S,Hongshan,Indeterminate,G2,1016.13,340.59,132.02,100,76.44,158.64,47353.38,1047.85,3897.47,5253.56,15140.97
DLH360,0065A,S022,S,Hongshan,Indeterminate,G2,1107.45,314.52,145.14,58.65,78.98,306.83,39974.74,1000.06,2688.64,7212.48,12331.82
DLH361,0070A,S022,S,Hongshan,Indeterminate,G2,962.38,341.76,157.86,83.02,64.78,122.74,44789.7,1217.8,1501.42,6506.86,10238.78
DLH362,0067B,S022,S,Hongshan,Indeterminate,G2,1244.34,335.39,170.99,82.39,60.82,153.42,40752.37,1265.17,2715.24,6770.88,10959.45
DLH363,0064A,S022,S,Hongshan,Indeterminate,G2,973.71,323.29,101.08,75.13,90.93,286.9,49451.23,965.96,3258.07,4892.95,11693.35
DLH364,0064A,S022,S,Hongshan,Indeterminate,G2,1285.36,234.52,119.14,56.33,76.96,320.08,33711.47,972.35,2339.61,6092.82,10548.02
DLH365,0071B,S022,S,Hongshan,Indeterminate,G3,1090.4,303.89,152.28,78.63,61.52,177.55,38323.07,1253.4,3040.34,5801.59,14976.79
DLH366,2038B,E201,E,Hongshan,Indeterminate,G3,1062.1,283.75,132.21,73.33,50.69,120.1,39946.57,934.58,2795.2,7409.35,16914.55
DLH367,2038B,E201,E,Hongshan,Indeterminate,G3,1217.26,256.55,161.42,75.88,51.04,118.57,38836.69,944.64,2715.87,6959.74,12103.2
DLH368,2036B,E201,E,Hongshan,Indeterminate,G3,995.7,296.09,138.45,75.02,79.82,194.27,41145.08,1024.56,3284.93,8942.86,13450.4
DLH369,2031B,E201,E,Hongshan,Indeterminate,G3,1019.72,234.65,143.77,52.79,74.96,313.39,32454.82,625.81,4508.56,6220.15,18807.24
DLH370,2029B,E201,E,Hongshan,Indeterminate,G3,1114.65,291.11,166.73,65.42,89.93,166.84,42976.85,828.22,2497.91,9075.96,8841.97
DLH371,2029B,E201,E,Hongshan,Indeterminate,G3,1144.94,291.09,164.9,100.37,63.86,101.06,41141.42,624.89,2756.2,6993.84,14744.14
DLH372,2037B,E201,E,Hongshan,Indeterminate,G3,932.61,272.62,113,59.13,74.47,230.87,40032.55,1379.77,3166.44,6258.76,12165.22
DLH373,2037B,E201,E,Hongshan,Indeterminate,G3,1006.09,314.35,134.93,80.3,76.33,174.27,48202.58,999.89,3577.32,5766.08,12614.69
DLH394,2029A,E201,E,Hongshan,Indeterminate,G2,754.74,349.8,162.34,88.64,71.05,82.88,41540.18,645.11,3189.25,6270.23,12135.29
DLH395,2029A,E201,E,Hongshan,Indeterminate,G2,970.3,350.48,172.05,100.55,57.53,94.03,38612.53,688.58,3332.75,6666.2,14773.05
DLH396,2029A,E201,E,Hongshan,Indeterminate,G2,1021.63,351.16,171.24,84.37,54.97,136.18,45264.7,645.52,3537.24,6626.87,14006.13
DLH397,2029A,E201,E,Hongshan,Indeterminate,G2,899.62,355.09,167.25,105.5,73.33,113.08,40351.76,719.71,3437.43,6291.3,15674.56
DLH398,2029A,E201,E,Hongshan,Indeterminate,G2,893.9,331.61,166.81,79.73,57.3,92.82,41810.14,582.15,3840.85,7349.19,13826.38
DLH399,2029A,E201,E,Hongshan,Indeterminate,G2,830.8,360.31,150.93,66.63,78.44,109.14,48441.19,650.46,4386.3,5045.95,11780.14
DLH400,2029A,E201,E,Hongshan,Indeterminate,G2,903.23,347.03,153.01,85.36,76.87,117.26,45626.85,731.47,3716.13,5749.38,12899.31
DLH401,2030B,E201,E,Hongshan,Indeterminate,G2,857.8,367.63,159.83,83.61,74.4,112.97,45393.65,637.71,3241.11,5648.37,11841.06
DLH402,2030B,E201,E,Hongshan,Indeterminate,G2,1016.83,324.07,152.34,96.18,64.41,110.28,37295.73,718.8,2951.12,7203.3,12988.72
DLH403,2030B,E201,E,Hongshan,Indeterminate,G2,876.41,348.48,159.93,80.82,53.45,119.86,40279.63,1363.32,3334.47,6789.28,12874.06
DLH404,2030B,E201,E,Hongshan,Indeterminate,G2,820.15,343.84,168.73,87.35,73.85,96.68,43805.73,684.38,3637.1,7464.14,13418.35
DLH405,2030B,E201,E,Hongshan,Indeterminate,G2,874.65,363.65,166.9,81.73,76.73,97.3,47162.18,609.63,4190.17,6041.42,13319.08
DLH406,2030B,E201,E,Hongshan,Indeterminate,G2,881.8,364.48,169.52,71.29,67.79,113.23,47264.3,543.24,4821.44,7314.35,14778.97
DLH407,2031A,E201,E,Hongshan,Indeterminate,G2,858.36,371.17,153.39,82.87,78.05,95.54,46856.55,738.37,3591.16,5632.32,13161.59
DLH408,2031A,E201,E,Hongshan,Indeterminate,G2,858.36,371.17,153.39,82.87,78.05,95.54,46856.55,738.37,3591.16,5632.32,13161.59
DLH409,2038B,E201,E,Hongshan,Indeterminate,G2,877.35,334.78,167.89,84.47,61.89,96.77,38850.08,729.45,3872.02,7812.44,14810.77
DLH410,2038B,E201,E,Hongshan,Indeterminate,G2,877.35,334.78,167.89,84.47,61.89,96.77,38850.08,729.45,3872.02,7812.44,14810.77
DLH411,2036B,E201,E,Hongshan,Indeterminate,G2,800.03,333.62,159.69,61.95,59.92,101.04,42800.98,587.79,4162.14,7378.55,13585.94
DLH412,2029B,E201,E,Hongshan,Indeterminate,G2,851.42,348.39,166.46,107.92,63.1,87.79,40940.22,697.07,2791.14,6827.16,13762.91
DLH413,2029B,E201,E,Hongshan,Indeterminate,G2,938.92,340.14,169.6,88.09,64.59,98.39,41238.24,678.92,3803.33,7159.02,14708.99
DLH414,2029B,E201,E,Hongshan,Indeterminate,G2,820.43,361.87,164.64,74.38,77.56,103.01,45551.09,702.34,2636.99,6408.8,9132.6
DLH415,2029B,E201,E,Hongshan,Indeterminate,G2,851.57,377.5,158.32,74.65,72.06,114.43,51391.24,628.22,4349.65,5011.61,12710.64
DLH416,2029B,E201,E,Hongshan,Indeterminate,G2,1060.46,327.91,178.68,87.58,57.03,99.27,38180.19,716.46,2508.71,7747.67,11917.93
DLH417,2038A,E201,E,Hongshan,Indeterminate,G2,667.22,339.96,152.06,70.77,63.55,94.16,42115.83,780.96,3789.52,6239.47,10880.84
DLH418,2032A,E201,E,Hongshan,Indeterminate,G2,667.48,369.2,157.1,61.7,72.82,96.54,46113.95,720.22,4526.68,6510.74,13339.49
DLH419,2029B,E201,E,Hongshan,Guan,G2,886.23,160.17,106.6,35.06,84.01,121.23,18266.19,728.15,2779.64,6754.28,9787.58
DLH430,2027B,E203,E,Hongshan,Indeterminate,G2,868.66,332.62,127.52,75.3,57.29,118.06,45948.18,824.26,2772.8,7081.59,12769.09
DLH431,2024B,E203,E,Hongshan,Indeterminate,G2,800.79,349.18,145.45,87.47,80.14,123.14,45534.61,984.78,2179.77,4032.7,9167.44
DLH432,2024B,E203,E,Hongshan,Indeterminate,G2,1085.85,264.86,197.5,99.19,59.53,794.13,34073.03,803.98,2024.29,5314.29,14007.24
DLH433,2024B,E203,E,Hongshan,Indeterminate,G2,894.24,355.45,147.16,92.25,78.42,119.17,43909.29,782.78,3491.54,5986.49,14506.1
DLH434,2023B,E203,E,Hongshan,Indeterminate,G2,1076.51,321.93,186.45,75.09,56.28,162.69,44858.99,637.93,2911.24,5727.11,11133.55
DLH435,2023B,E203,E,Hongshan,Indeterminate,G2,516.49,366.87,157.05,73.9,49.9,68.22,40714.1,916.83,3478.26,6095.43,14243.1
DLH436,2023B,E203,E,Hongshan,Indeterminate,G2,829.65,344.27,167.86,77.16,63.03,99.95,42680.73,707.92,3994.06,7388.29,14612.48
DLH437,2028B,E203,E,Hongshan,Indeterminate,G2,781.7,356.17,155.35,74.2,72.16,156.21,46372.16,672.76,3511.5,5723.5,12474.1
DLH438,2026B,E203,E,Hongshan,Indeterminate,G2,832.29,373.28,158.04,58.64,54.14,168.16,44347.08,768.03,2721.38,7053.22,10910.71
DLH439,2026B,E203,E,Hongshan,Indeterminate,G2,732.9,416.13,158.6,68.43,64.7,95.52,48820.63,617.78,4311.3,5526.12,12827.93
DLH440,2019B,E203,E,Hongshan,Indeterminate,G2,906.35,350.79,175.83,77.58,62.33,115.7,43980.07,730.67,3027.99,7898.18,12256.4
DLH441,2020B,E203,E,Hongshan,Indeterminate,G2,814.62,297.06,146.6,86.11,66.4,108.36,48829.4,784.45,2947.55,7466.24,12016.14
DLH442,2020B,E203,E,Hongshan,Indeterminate,G2,738.47,356.6,147.24,60.1,49.71,135.85,40441.12,515.64,2810.27,6466.43,10437.71
DLH443,2020B,E203,E,Hongshan,Indeterminate,G2,693.93,344.4,158.46,75.04,61.25,86.63,40929.43,1102.44,3765.39,6577.43,14777.96
DLH444,2020B,E203,E,Hongshan,Indeterminate,G2,768.68,344.26,139.34,89.44,78.94,107.61,46297.31,660.19,3633.27,5058.13,13908.59
DLH445,2025B,E203,E,Hongshan,Indeterminate,G3,1063.12,288.28,137.24,72.98,58.19,114.11,41743.89,919.64,3361.87,6158.43,14637.87
DLH446,2028B,E203,E,Hongshan,Guan,G3,965.62,349.5,153.46,84.11,41.16,108.15,41973.86,951.03,3916.56,6553.77,16319.88
DLH447,2026A,E203,E,Hongshan,Indeterminate,G3,1090.8,290.01,247.74,74.61,48.21,120.62,46970.69,635.4,4175.55,6312.51,15590.23
DLH448,2026A,E203,E,Hongshan,Indeterminate,G3,1015.75,347.34,184.23,58.67,46.08,109.8,55314.89,1448.71,4620.96,16656.11,14037.51
DLH449,2026B,E203,E,Hongshan,Guan,G3,1152.31,304.38,175.17,118.8,76.31,134.48,51927.59,963.49,3681.18,9808.52,18493.19
DLH450,2026B,E203,E,Hongshan,Indeterminate,G3,1565.13,339.36,225.97,69.17,69.12,141.4,49793.66,1064.61,3319.63,9961.29,14814.58
DLH451,2019B,E203,E,Hongshan,Indeterminate,G3,1081.29,363.39,140.51,122.46,79.14,111.66,44361.16,1096.13,3363.82,5681.1,16793.91
DLH452,2019B,E203,E,Hongshan,Indeterminate,G3,1059.36,142.91,776.18,44.66,77.54,120.18,77226.7,1152.13,2886.73,9517.52,8155.23
DLH453,2019B,E203,E,Hongshan,Indeterminate,G3,955.32,339.33,122.41,94.06,72.14,106.56,51418.73,963.03,3406.33,6536.6,13820.28
DLH454,2019B,E203,E,Hongshan,Guan,G3,958.01,337.82,137.69,70,57.3,140,45717.09,1029.93,4596.11,7776.94,14830.96
DLH473,2054A,E207,E,Hongshan,Indeterminate,G3,1267.87,341.17,261.48,84.5,64.65,79.3,38061.43,668.95,3481.76,10019.22,17709.2
DLH474,2055A,E207,E,Hongshan,Indeterminate,G3,1094.54,229.86,285.01,53.72,97.02,177.58,98898.49,1596.84,2913.28,10397.44,8186.57
DLH475,2056B,E207,E,Hongshan,Indeterminate,G3,815.39,350.89,137.35,62.99,62.93,80.9,45332.58,1064.03,2511.5,5153.98,9268
DLH476,2056B,E207,E,Hongshan,Guan,G3,1168.31,269.07,144.73,87.67,48.22,103.68,36731.59,1093.63,3288.4,7621.11,15725.38
DLH477,2057B,E207,E,Hongshan,Indeterminate,G3,1231.71,288.6,149.74,100.96,62.59,109.29,40222.21,890.65,2957.49,8116.17,16994.02
DLH478,2057B,E207,E,Hongshan,Indeterminate,G3,1313.78,273.63,338.36,73.23,49.23,268.28,44092.47,889.57,3341.98,7658,12897.35
DLH479,2059A,E207,E,Hongshan,Indeterminate,G3,1010.89,296.81,194.61,101.67,65.01,82.36,35505.27,712.3,2774.04,6409.87,20788.82
DLH480,2061A,E207,E,Hongshan,Indeterminate,G3,1052.55,320.62,223.39,65.03,48.01,262.32,46495.43,636.97,3526.7,7072.45,12434.26
DLH481,2059B,E207,E,Hongshan,Indeterminate,G3,1044.37,260.63,137.72,64.61,60,296.39,41503.21,508.03,2896.2,7707.7,9804.99
DLH482,2057B,E207,E,Hongshan,Indeterminate,G3,1132.23,341.8,145.27,99.9,46.79,803.45,43460.8,698.15,3491.86,6382.44,13692.96
DLH483,2055A,E207,E,Hongshan,Indeterminate,G2,736.57,381.51,154.56,66.31,86.57,525.99,52556.76,820.47,3338.26,6270.3,10465.98
DLH484,2055A,E207,E,Hongshan,Indeterminate,G2,1024.39,356.58,185.18,88.19,73.22,118.63,42926.26,1071.47,3785.49,5243.02,14538.39
DLH485,2055A,E207,E,Hongshan,Indeterminate,G2,933.03,397.81,169.66,87.77,73.17,99.6,44514.23,1101.65,2921.89,7681.67,12909.17
DLH486,2056A,E207,E,Hongshan,Indeterminate,G2,848.22,334.65,170.99,68.21,61.75,80.27,44579.34,602.22,4107.35,7933.54,13569.26
DLH487,2057B,E207,E,Hongshan,Indeterminate,G2,866.72,328.94,168.97,75.54,60.13,98.35,43975.7,669.07,2382.66,6755.99,9954.68
DLH488,2057A,E207,E,Hongshan,Indeterminate,G2,756.65,360.83,169.66,65.61,58.42,69.63,44484.17,521.38,3351.04,8001.27,11355.05
DLH489,2057A,E207,E,Hongshan,Indeterminate,G2,834.73,358.17,171.16,74.39,60.46,96.95,40062,537.7,3564.32,7277.06,12075.55
DLH490,2059B,E207,E,Hongshan,Indeterminate,G2,1642.41,306.8,438.09,80.59,73.62,153.26,56206.32,1238.17,4465.04,13035.47,16068.89
DLH491,2061A,E207,E,Hongshan,Indeterminate,G2,848.17,338.91,169.85,68.88,54.08,102.77,46256.47,1152.92,2678.93,6595.75,10056.7
DLH492,2061A,E207,E,Hongshan,Indeterminate,G2,870.39,346.01,170.06,76.09,57.48,99.54,42521.36,645.97,2899.3,6631.2,11173.65
DLH493,2061B,E207,E,Hongshan,Indeterminate,G2,1034.67,350.17,182.02,92.78,69.38,100.47,42358.26,769.82,3273.42,6752.45,13894.97
DLH494,2061B,E207,E,Hongshan,Indeterminate,G2,966.53,327.62,164.77,81.32,55.09,82.68,40395.41,629.59,3631.55,7829.3,12568.92
DLH495,2061B,E207,E,Hongshan,Indeterminate,G2,717.48,392.52,147.04,60.28,76.24,93.72,47549.12,560.43,3423.85,5384.86,10201.7
DLH496,2061B,E207,E,Hongshan,Indeterminate,G2,803.98,347.03,173.49,73.73,53.86,99.65,41493.9,600.39,2962.19,6277.54,10924.04
DLH497,2061B,E207,E,Hongshan,Indeterminate,G2,884.89,346.63,161.42,95.1,69.73,80.33,42665.27,664.5,3138.33,6228.31,13576.17
DLH498,2061B,E207,E,Hongshan,Indeterminate,G2,1001,364.42,181.85,84.16,69.68,102.3,43250.52,705.52,3514.44,6069.89,14177.58
DLH499,2058B,E207,E,Hongshan,Indeterminate,G2,827.16,367.38,164.35,76.66,66.1,113.35,44431.45,709.28,4058.55,6586.51,14425.21
DLH500,2058B,E207,E,Hongshan,Indeterminate,G2,921.71,311.84,164.12,64.04,64.65,86.45,41851.55,886.3,4012.45,7334.28,14129.48
DLH501,2058B,E207,E,Hongshan,Indeterminate,G2,1010.96,336.74,161.71,77.23,53.02,95.96,43272.4,657.9,3847.03,8554.43,13571.55
DLH502,2058B,E207,E,Hongshan,Indeterminate,G2,936.49,318.22,181.16,67.49,51.64,117.44,42370.02,957.32,4262.22,6725.2,13556.31
DLH503,2058A,E207,E,Hongshan,Guan,G2,877.92,353.43,168.49,74.43,58.58,96.7,43634.62,541.8,3094.66,6298.99,11182.52
DLH504,2058A,E207,E,Hongshan,Indeterminate,G2,877.92,353.43,168.49,74.43,58.58,96.7,43634.62,541.8,3094.66,6298.99,11182.52
DLH518,2001B,E208,E,Hongshan,Guan,G3,1046.56,306.96,137.37,75.4,63.06,131.09,44981.94,1150.9,2875.72,8298.92,10634.09
DLH519,2005B,E208,E,Hongshan,Indeterminate,G3,963.74,360.86,156.16,88.97,84.94,127.25,55295.93,587.15,3560.78,6191.81,13115.38
DLH520,2005B,E208,E,Hongshan,Indeterminate,G3,674.01,317.92,132.76,81.96,69.64,67.99,45591.9,753.59,2482.3,6711.15,11362.34
DLH521,2005B,E208,E,Hongshan,Indeterminate,G3,608.96,350.01,132.63,76.15,78.27,66.21,54347.96,656.94,3236.86,6294.43,10815.21
DLH522,2006B,E208,E,Hongshan,Indeterminate,G3,831.34,333.67,176.93,77.53,60.63,161.82,44072.88,736.04,3458.95,5943.61,13269.57
DLH523,2007A,E208,E,Hongshan,Guan,G3,1086.89,308.54,178.96,88.32,64.26,94.61,37489.39,871.9,3219.02,6740.73,14616.03
DLH524,2004B,E208,E,Hongshan,Indeterminate,G3,1426.74,364.4,247.86,61.11,64.18,108.2,49926.07,1076.21,3906.83,8109.91,14331.9
DLH525,2009B,E208,E,Hongshan,Indeterminate,G3,783.11,273.93,108.01,76.64,64.45,89.78,42680.93,844.34,3396.4,5864.78,15131.68
DLH526,2006B,E208,E,Hongshan,Indeterminate,G3,857.09,286.88,107.81,49.55,71.43,129.33,57096.68,648.52,4344.39,6286.33,10253.45
DLH527,2001B,E208,E,Hongshan,Indeterminate,G2,913.4,363.48,184.05,69.85,49.42,95.75,39151.05,628.86,3415.83,8162.14,14952.14
DLH528,2001B,E208,E,Hongshan,Indeterminate,G2,1086.43,339.13,164.93,80.04,66.31,106.43,46226.48,1031.83,3667.4,9337.45,13997.38
DLH529,2001B,E208,E,Hongshan,Indeterminate,G2,762.81,354.49,152.25,97.45,70.73,67.21,41020.84,657.77,3494.19,6031,15603.61
DLH530,2003B,E208,E,Hongshan,Indeterminate,G2,852.81,341.76,158.53,61.44,48.35,87.07,43485.34,840.87,3234.18,7464.71,11106.41
DLH531,2003B,E208,E,Hongshan,Indeterminate,G2,1115.15,345.38,164.08,84.58,98.06,134.16,52815.9,855.63,4073.62,8789.86,12411.9
DLH532,2003B,E208,E,Hongshan,Indeterminate,G2,802.07,358.21,151.8,95.05,71.79,88.6,43322.54,812.1,3131.09,5403.49,13531.53
DLH533,2003B,E208,E,Hongshan,Indeterminate,G2,1174.19,311.5,251.43,82.18,61.12,92.45,40683.34,778.5,3184.71,7197.5,15104.6
DLH534,2003B,E208,E,Hongshan,Indeterminate,G2,857.34,397.41,154.56,56.92,57.25,97.88,46167.16,544.81,4712.74,5772.69,13278.37
DLH535,2003B,E208,E,Hongshan,Indeterminate,G2,1109.12,339.59,194.91,77.61,58.15,95.22,40374.82,705.15,3184.71,7182.42,14146.61
DLH536,2003B,E208,E,Hongshan,Indeterminate,G2,724.01,358.88,166.48,79.94,69.37,93.43,46206.09,502.02,3890.84,6347.26,14006.65
DLH537,2005B,E208,E,Hongshan,Indeterminate,G2,791.97,336.18,232.4,96.68,57.36,79.08,30258.71,734.04,2461.76,27151.72,15442.68
DLH538,2006B,E208,E,Hongshan,Indeterminate,G2,980.03,343.07,171.77,89.54,64.09,112.92,45763.34,947.3,3606.7,7494.54,15035.5
DLH539,2006B,E208,E,Hongshan,Indeterminate,G2,708.43,371.51,163.35,53.48,67.27,79.57,43302.57,810.9,4035.17,8482.57,11806.3
DLH540,2010A,E208,E,Hongshan,Indeterminate,G2,774.14,330.42,124.65,84.71,76.89,80.66,49210.08,911.07,3850.76,5503.21,14554.74
DLH541,2003A,E208,E,Hongshan,Indeterminate,G2,717.48,376.5,164.4,61.57,68.79,82.66,49754.77,713.44,3979.84,5658.74,12229.03
DLH542,2003A,E208,E,Hongshan,Indeterminate,G2,857.99,338.53,175.18,83.58,59.19,87.68,40933.52,677.37,3920.21,9415.54,14948.61
DLH543,2008A,E208,E,Hongshan,Indeterminate,G2,891.81,337.67,155.57,70.84,55.32,94.98,45354.71,735.79,3891.06,6973.86,13466.53
DLH544,2002B,E208,E,Hongshan,Indeterminate,G2,798.54,362.37,144.97,95.39,74.99,99.66,43029.97,742,2958.81,5749.44,13430.43
DLH545,2002B,E208,E,Hongshan,Indeterminate,G2,943.59,386.09,171.04,76.66,50.75,100.26,42042.33,899.76,2880.73,7326.06,11136.52
DLH546,2002B,E208,E,Hongshan,Indeterminate,G2,931,319.6,176.7,82.32,61.64,93.14,40341.98,883.06,2718.98,6791.5,12018.1
DLH547,2002B,E208,E,Hongshan,Indeterminate,G2,911.88,346.72,163.27,79.75,64.55,117.45,46612.33,653.19,3332.18,6807.78,14998.74
DLH548,2002B,E208,E,Hongshan,Indeterminate,G2,911.88,346.72,163.27,79.75,64.55,117.45,46612.33,653.19,3332.18,6807.78,14998.74
DLH549,2002B,E208,E,Hongshan,Indeterminate,G2,947.12,345.16,171.9,81.16,66.04,120.41,42308.48,783.05,3606.98,7111.12,14286.85
DLH550,2008B,E208,E,Hongshan,Indeterminate,G2,898.51,344.23,146.02,91.66,74.14,99.41,42288.21,744.08,3297.77,5406.7,13503.36
DLH551,2004B,E208,E,Hongshan,Bo,G2,970.01,317.15,142.18,83.7,68.83,107.61,44959.06,900.43,3477.76,5317.83,12979.41
DLH562,1059B,D110,D,Hongshan,Indeterminate,G3,730.23,337.91,247.87,66.5,61.36,105.68,51628.69,865.69,4494.6,6346.19,12269.24
DLH563,1056B,D110,D,Hongshan,Indeterminate,G3,1112.61,312.62,173.85,97.73,52.3,104.64,39966.19,514.62,3679.54,5270.26,17546.02
DLH564,1056B,D110,D,Hongshan,Indeterminate,G3,1324.34,332.1,255.65,93.61,36.58,107.88,35132.07,405.46,3840.83,4821.19,18406.21
DLH565,1050B,D110,D,Hongshan,Indeterminate,G3,1118.73,308.23,283.38,95.71,34.25,113.62,31454.5,857.28,2740.72,6400.94,18550.58
DLH566,1058A,D110,D,Hongshan,Guan,G3,858.71,341.11,156.97,71.32,50.88,98.16,45669.16,505.9,4120.37,4928.39,14331.73
DLH567,1061B,D110,D,Hongshan,Indeterminate,G3,780.8,357.46,156.13,68.9,54.42,88.62,49683.29,527.32,4206.98,4331.56,15278.13
DLH568,1061B,D110,D,Hongshan,Indeterminate,G3,1017.95,305.95,267.91,51.5,51.52,112.46,46334.31,948.13,3696.47,7566.58,10895.81
DLH570,1058B,D110,D,Hongshan,Indeterminate,G2,867.65,350.21,145.01,77.97,63.82,126.85,57752,1321.45,3837.8,5882.29,12840.16
DLH571,1061A,D110,D,Hongshan,Indeterminate,G2,868.72,344.72,171.34,88.46,63.89,101.42,45805.63,807.55,3560.02,4821.18,13940.05
DLH572,1064A,D110,D,Hongshan,Indeterminate,G2,936.07,334.74,129.36,103.31,75.72,128.35,47083.52,818.53,3409.69,5233.21,14040.86
DLH573,1060A,D110,D,Hongshan,Indeterminate,G2,1040.08,357.33,181.74,87.83,53.33,103.16,39461.19,739.43,3252.86,6679.1,13437.22
DLH574,1060A,D110,D,Hongshan,Indeterminate,G2,1040.08,357.33,181.74,87.83,53.33,103.16,39461.19,739.43,3252.86,6679.1,13437.22
DLH575,1058A,D110,D,Hongshan,Indeterminate,G2,920.3,352.28,146.3,83.96,62.95,124.31,38144.92,720.82,3634.85,5356.94,14318.31
DLH576,1058A,D110,D,Hongshan,Indeterminate,G2,920.3,352.28,146.3,83.96,62.95,124.31,38144.92,720.82,3634.85,5356.94,14318.31
DLH577,1058A,D110,D,Hongshan,Indeterminate,G2,933.97,345.87,145.79,107.78,71.46,91.41,45000.27,962.33,3163.13,5853.19,14385.97
DLH578,1063B,D110,D,Hongshan,Indeterminate,G2,867.94,378.55,161.7,95.05,57.45,92.94,39172.33,743.02,3274.15,6720.51,12789.24
DLH579,1063B,D110,D,Hongshan,Indeterminate,G2,866.5,349.6,129.11,103.74,74.32,103.44,46547.15,923.72,3224.92,4357.52,13097.5
DLH580,1068A,D110,D,Hongshan,Indeterminate,G2,1022.26,347.07,199.84,70.24,52.31,93.24,38332.54,1344.95,3609.64,5864.83,15259.26
DLH581,1068A,D110,D,Hongshan,Indeterminate,G2,755.18,360.68,120.92,110.29,69.04,88.38,43663.98,538.15,3710.16,5008.97,15681.34
DLH582,1058B,D110,D,Hongshan,Indeterminate,G2,1066.24,321.2,137.81,103.15,72.21,108.73,44976.38,818.49,3430.82,5487.27,13536.75
DLH583,1066B,D110,D,Hongshan,Indeterminate,G2,860.97,366.34,170.4,87.11,50.86,92,40147.96,642.94,2725.64,6278.64,12437.56
DLH584,1066B,D110,D,Hongshan,Indeterminate,G2,1126.24,319.96,146.86,76.67,56.39,114.28,43415.31,898.79,3626.73,5632.78,14581.89
DLH585,1066B,D110,D,Hongshan,Bo,G2,915.96,289.99,151.44,101.2,80.1,93.24,46434.18,1112.44,2667.2,5232.12,13903.73
DLH586,1050B,D110,D,Hongshan,Indeterminate,G2,909.89,354.16,139.31,97.72,68.71,93.2,49117.73,742.63,2883.44,4074.29,11584.93
DLH587,1050B,D110,D,Hongshan,Guan,G2,1022.43,359.67,164.37,80.25,49.43,104.79,38932.02,669.28,2840.34,5225.16,11959.54
DLH588,1068B,D110,D,Hongshan,Indeterminate,G2,1018.35,355.3,167.65,95.98,56.24,100.3,39430.51,666.57,2939.24,5830.11,14178.73
DLH589,1068B,D110,D,Hongshan,Indeterminate,G2,997.55,351.73,176.95,84.16,51.5,85.81,40899.83,1012.71,3303.84,6557.03,13417.32
DLH590,1068B,D110,D,Hongshan,Indeterminate,G2,1132.27,365.99,181.62,88.49,57.11,90.07,40247.45,1027.93,3495.49,5543.27,15456.94
DLH591,1060A,D110,D,Hongshan,Indeterminate,G2,975.62,373.18,165.48,96.43,56.62,81.84,39914.6,881.27,2840.49,5915.62,13236.14
DLH592,1055B,D110,D,Hongshan,Indeterminate,G2,870.6,341.5,143.84,78.64,73.82,95.67,49616.46,646.4,4415.84,4858.74,14736.36
DLH593,1061B,D110,D,Hongshan,Bo,G2,597.69,366.11,151.21,67.19,28.06,63.91,49844.82,384.86,5524.93,4565.93,16538.66
DLH594,1055A,D110,D,Hongshan,Bo,G2,799.42,411.18,157.44,71.86,55.69,93.5,47233.4,638.62,2968.69,3786.01,11093.71
DLH595,1106B,D116,D,Hongshan,Indeterminate,G3,910.65,313.8,175.67,86.57,33.41,74.48,36452.48,1013.93,3491.79,4872.88,18325.25
DLH596,1106B,D116,D,Hongshan,Indeterminate,G3,1060.4,311.21,131.2,84.31,42.86,110.71,39185.8,614.53,2644.7,4748.92,13337.89
DLH597,1099B,D116,D,Hongshan,Indeterminate,G3,813.7,379.81,151.07,89.34,43.69,71.59,38092.47,458.56,2689.04,4686.71,13450.99
DLH598,1107B,D116,D,Hongshan,Indeterminate,G3,839.86,187.49,117.73,54.7,98.58,192.58,117974.16,2175.48,5126.63,7404.8,12363.86
DLH601,1106B,D116,D,Hongshan,Indeterminate,G2,823.83,354.07,150.41,92.47,64.19,90.03,39801.29,768.73,3927.96,4791.66,15834.74
DLH602,1100A,D116,D,Hongshan,Bo,G2,971.36,356.76,141.03,78.62,72.7,117.06,49439.41,692.41,4373.58,4562.41,15323.71
DLH603,1108A,D116,D,Hongshan,Indeterminate,G2,886.1,363.79,173.71,96.32,53.5,95.5,39187.44,712.88,3305.86,6096.17,15138.58
DLH604,1108A,D116,D,Hongshan,Indeterminate,G2,858.16,348.9,131.73,92.14,59.69,119.29,49935.61,724.44,3396.58,5030.28,13198.96
DLH605,1097A,D116,D,Hongshan,Bo,G2,728.79,397.74,141.57,98.21,63.06,72.33,40602.7,749.11,3881.01,5134.14,15519.58
DLH606,1094B,D116,D,Hongshan,Indeterminate,G2,941.21,357.78,147.89,100.81,75.44,122.08,48319.09,1046.57,3676.83,5911.66,14956.17
DLH607,1107B,D116,D,Hongshan,Indeterminate,G2,997.41,358.88,156.37,75.51,46.88,107.62,42650.07,586.95,3774.18,5741.33,14277.54
DLH608,1096B,D116,D,Hongshan,Indeterminate,G2,954.27,352.34,181.39,103.15,66.87,112.51,41346.46,840.83,2666.16,6099.33,13379.5
DLH609,1099B,D116,D,Hongshan,Indeterminate,G2,1094.46,335.79,147.51,85.87,58.11,141.35,46791.34,656.47,3415.86,5351,13709.1
DLH610,1095A,D116,D,Hongshan,Bo,G2,872.27,405.89,138.5,96.54,65.17,107.86,42527.86,857.56,3714.67,5225.22,13693.52
DLH611,1101A,D116,D,Hongshan,Indeterminate,G2,1042.57,356.75,158.51,104.99,61.55,116.75,36618.23,807.44,3102.81,15085.6,15234.43
DLH612,1101A,D116,D,Hongshan,Indeterminate,G2,1008.05,361.41,161.73,69.28,48.53,139.24,49795.37,1451.89,4150.65,6190.77,13196.3
DLH613,1103B,D116,D,Hongshan,Indeterminate,G2,777.41,380.75,138.1,75.25,66.92,104.79,47797.3,773.45,3094.13,5580.79,11434.73
DLH614,1103B,D116,D,Hongshan,Guan,G2,857.62,389.45,145.77,93.02,72.66,110.6,46429.41,713.8,2961.51,5240.41,12171.54
DLH615,1103B,D116,D,Hongshan,Indeterminate,G2,964.07,365.72,148.87,97.17,74.18,101.14,44803.95,935.31,3207.32,5896.39,12558.03
DLH616,1102B,D116,D,Hongshan,Indeterminate,G2,1127.24,350.02,164.75,94.4,57.38,106.83,47672.41,1003.59,3605.12,5411.1,13602.07
DLH617,1102B,D116,D,Hongshan,Indeterminate,G2,1070.12,353.99,147.12,91.76,54.99,120.49,46533.92,868.83,3584.99,5574.89,13907.28
DLH618,1102B,D116,D,Hongshan,Indeterminate,G2,970.77,352.02,151.44,65.96,52.14,68.74,45206.63,621.17,3932.39,4893.7,12706.5
DLH619,1108B,D116,D,Hongshan,Indeterminate,G2,979.71,330.17,157.92,67.12,58.78,86.25,45042.07,689.97,3153.43,6468.47,11340.76
DLH620,1108B,D116,D,Hongshan,Indeterminate,G2,1174.82,339.93,167.62,91.65,60.05,120,46423.21,1001.01,2941.86,5570.25,12925.92
DLH621,1108B,D116,D,Hongshan,Indeterminate,G2,819.27,354.39,182.63,73.42,53.66,49.2,39076.68,540.01,3201.58,6470.51,12043.26
DLH622,1108B,D116,D,Hongshan,Indeterminate,G2,995.01,353.62,174.7,84.19,52.04,91.07,41064.05,623.8,2246.97,6416.21,11077.56
DLH623,1100B,D116,D,Hongshan,Indeterminate,G2,728.82,358.23,173.94,86.69,53.26,76.59,38806.28,575.71,3056.01,6654.8,13242.06
DLH624,1100B,D116,D,Hongshan,Indeterminate,G2,563.75,352.45,127.81,73.56,70.03,61.33,51664.77,612.06,2925.45,4304.29,10506.84
DLH625,1103B,D116,D,Hongshan,Indeterminate,G3,1257.02,312.32,221.3,90.5,52.01,105.84,37478.45,926.83,3773.32,6732.32,18045.44
DLH626,1103B,D116,D,Hongshan,Indeterminate,G3,1266.39,282.51,249.73,70.76,49.01,108.61,40775.19,649.61,3536.66,7359.67,15341.78
DLH627,0057B,S023,S,Hongshan,Indeterminate,G3,1231.78,334.61,252.17,89.25,59.17,130.59,43157.29,937.51,4051.63,5735.14,17147.54
DLH628,0058B,S023,S,Hongshan,Indeterminate,G3,1054.25,322,155.03,81.07,51.95,105.17,41839.57,706.08,3711.11,5015.98,16386.3
DLH629,0060B,S023,S,Hongshan,Indeterminate,G2,921.4,384.22,153.85,65.52,63.61,113.66,45639.3,957.92,4003.25,6166.93,14386.92
DLH630,0060B,S023,S,Hongshan,Indeterminate,G2,1006.64,337.78,165.16,80.42,63.61,131.32,44657.84,1544.42,3615.54,6280.43,15201.1
DLH641,0059A,S023,S,Hongshan,Indeterminate,G2,1121.91,386.49,176.65,83.48,54.43,108.83,44490.13,996.39,2991.23,6984.27,13988.18
DLH642,0055A,S023,S,Hongshan,Indeterminate,G2,940.1,369.75,161.29,96.52,77.59,96.85,52464.43,1069.54,3220.31,6145.33,13926.04
DLH643,0055A,S023,S,Hongshan,Indeterminate,G2,840.8,369,163.21,91.59,82.69,109.45,53596.16,1263.23,2387.36,3973.17,9423.89
DLH644,0056A,S023,S,Hongshan,Indeterminate,G2,948.56,388.14,164.64,71.24,58.32,98.82,45747.88,826.22,3809.1,7459.89,14234.2
DLH645,0055A,S023,S,Hongshan,Indeterminate,G2,875.99,369.73,138.12,87.15,85.09,117.22,52088.83,1251.16,4001.39,5580.62,11719.25
DLH646,0061A,S023,S,Hongshan,Indeterminate,G2,782.18,339.34,141.31,111.6,79.52,99.04,50445.84,970.53,2808.26,5676.91,13183.85
DLH647,0059B,S023,S,Hongshan,Indeterminate,G2,1005.91,340.17,160.98,98.67,62.6,99.34,46802.98,779.22,4033.63,6775.24,15948.17
DLH648,0058A,S023,S,Hongshan,Indeterminate,G2,875.91,387.7,184.78,59.65,63.05,101.47,44586.5,876.48,4021.2,6584.49,12346.46
DLH649,0062B,S023,S,Hongshan,Indeterminate,G2,1031.54,360.21,168.11,79.13,60.56,136.28,47747.11,1996.7,3491.28,6935.69,14959.76
DLH650,0062B,S023,S,Hongshan,Indeterminate,G2,1195.96,368.05,130.97,90.02,66.59,126.14,43871.84,1212.97,3516.56,5222.57,12676.48
DLH651,0062B,S023,S,Hongshan,Indeterminate,G2,1195.96,368.05,130.97,90.02,66.59,126.14,43871.84,1212.97,3516.56,5222.57,12676.48
DLH652,0055B,S023,S,Hongshan,Indeterminate,G2,1108.97,386.98,173.49,90.72,71.2,118.37,51600.89,928.08,4174.27,6746.09,13676.83
DLH653,0058B,S023,S,Hongshan,Indeterminate,G2,1072.72,334.73,173.55,84.73,71.39,113.89,45967.49,1135.12,3390.34,6746.4,13654.41
DLH654,0063B,S023,S,Hongshan,Indeterminate,G2,1078.5,395.09,168.97,88.32,56.81,117.82,46517.96,1013.93,2928.62,6408.72,13765.6
DLH655,0063B,S023,S,Hongshan,Indeterminate,G2,1060.35,350.59,179.43,80.35,57.82,117.05,45261.83,1318.88,3539.04,6580.49,12845.97
DLH656,0063B,S023,S,Hongshan,Indeterminate,G2,883.56,368.7,152.28,91.92,65.88,89.29,40398.57,849.73,3619.36,6659.23,13918.81
DLH657,0063B,S023,S,Hongshan,Indeterminate,G2,862.91,346.75,135.87,76.22,87.98,115.75,50276.1,1206.92,3857.05,5767.41,12537.34
DLH658,0063B,S023,S,Hongshan,Indeterminate,G2,992.04,340.39,147.32,76.66,67.92,100.08,50147.63,712.17,3458.11,5759.07,12104.83
DLH659,0063B,S023,S,Hongshan,Indeterminate,G2,1003,331.93,155.82,90.37,77.91,119.59,46437.59,932.67,3184.55,6532.8,14039.96
DLH660,0061B,S023,S,Hongshan,Indeterminate,G2,864.38,377.13,142.63,81.59,74.69,108.72,47189.73,698.03,3491.82,4951.94,11206.55
DLH661,0061B,S023,S,Hongshan,Indeterminate,G2,1029.62,381.15,168.48,87.38,81.75,131.88,51207.61,1101.57,4335.04,6642.96,14052.72
DLH662,0061B,S023,S,Hongshan,Indeterminate,G2,1009.69,385.25,135.59,86.32,72.05,121.72,44094.32,1024.46,4143.87,5717.88,15269.81
DLH663,0061B,S023,S,Hongshan,Indeterminate,G2,987.96,341.35,154.46,76.13,80.31,124.05,48174.72,1655.72,4458.77,5752.09,15661.47
DLH673,0031B,S017,S,Hongshan,Indeterminate,G2,1117.06,337.78,173.38,94.87,63.56,99.15,41375.13,938.15,3507.47,6845.14,14331.87
DLH674,0032B,S017,S,Hongshan,Indeterminate,G2,1149.61,347.5,174.92,88.76,69.57,121.06,46998.55,1065.63,4069.55,6862.83,15070.66
DLH675,0032B,S017,S,Hongshan,Indeterminate,G2,1091.95,356.31,158.58,82.61,58.58,150.99,48703.95,1583.57,4321.94,5815.71,16156.82
DLH676,0033B,S017,S,Hongshan,Indeterminate,G2,1183.9,413.96,167.78,108.48,62.43,144.59,48438.12,1221.17,4364.07,6536.58,17173.87
DLH677,0033B,S017,S,Hongshan,Indeterminate,G2,968.05,362.13,173.11,78.46,67.46,128.35,49527.8,1388.14,4485.59,6563.86,15542.94
DLH678,0033B,S017,S,Hongshan,Indeterminate,G2,1054.54,357.84,155.31,86.89,59.9,144.56,56956.8,965.06,5145.1,4811.46,15135.98
DLH679,0033B,S017,S,Hongshan,Indeterminate,G2,1023.01,358.11,155.72,84.15,79.51,134.19,50828.3,1073.6,3126.36,5656.43,11796.39
DLH680,0033B,S017,S,Hongshan,Indeterminate,G2,944.54,333.5,140.43,87.51,80.66,133.75,45925.51,747.36,3750.48,5613.39,14167.58
DLH681,0033B,S017,S,Hongshan,Indeterminate,G2,988.49,324.34,154.21,79.85,58.24,161.53,45291.24,2276.66,3319.63,5589.5,14391.22
DLH682,0034A,S017,S,Hongshan,Indeterminate,G2,1158.43,399.39,172.13,94.19,61.41,147.19,49397.42,2120.71,4188.04,5661.85,17137.38
DLH683,0034A,S017,S,Hongshan,Indeterminate,G2,1088.7,360.52,167.71,84.15,80.1,131.86,49908.31,1173.33,3799.99,6554.22,13781.28
DLH684,0034A,S017,S,Hongshan,Indeterminate,G2,1088.7,360.52,167.71,84.15,80.1,131.86,49908.31,1173.33,3799.99,6554.22,13781.28
DLH685,0032A,S017,S,Hongshan,Indeterminate,G2,916.84,350.18,144.76,92.19,77.72,91.43,49159.16,1345.55,3052.59,5538.45,10347.54
DLH686,0032A,S017,S,Hongshan,Indeterminate,G2,1048.62,359.95,161.81,107.52,68.55,129.42,45632.5,1159.03,3468.97,7123.41,12097.38
DLH687,0033A,S017,S,Hongshan,Indeterminate,G2,988.05,380.61,165.87,76.09,74.98,146.18,53671.66,796.56,3617.81,5885.13,12165.09
DLH688,0033A,S017,S,Hongshan,Indeterminate,G2,1058.47,382.27,172.05,90.68,89.41,152.37,42653.79,3024.03,2463.19,6812.71,12264.96
DLH689,0031A,S017,S,Hongshan,Indeterminate,G2,1037.99,346.35,150.86,103.3,71.94,111.57,48048.93,986.98,4205.38,5734.03,16100.14
DLH690,0031A,S017,S,Hongshan,Indeterminate,G2,1003.34,297.25,146.16,75.01,71.92,128.67,38245.7,1365.73,3763.31,6362.3,14897.15
DLH691,0031A,S017,S,Hongshan,Indeterminate,G2,883.48,309.3,159.34,90.5,67.78,82.97,38927.05,912.93,3317.43,7083,13427.67
DLH692,0031A,S017,S,Hongshan,Indeterminate,G2,1074.33,301.77,154.12,77.6,63.34,111.9,32633.92,941.84,3577.47,6113.97,15042.38
DLH693,0031B,S017,S,Hongshan,Indeterminate,G2,1022.26,414.04,166.86,83.59,60.59,218.51,46632.35,1256.08,4395.56,6752.88,16236.39
DLH694,0034B,S017,S,Hongshan,Indeterminate,G2,889.38,337.53,159.32,65.81,53.73,112.04,39334.11,758.8,4189.18,5851.68,14267.87
DLH695,0034B,S017,S,Hongshan,Indeterminate,G2,1039.48,274.13,139.29,65.69,78.41,118.01,38371.44,1041.22,4251.32,6859.66,10022.75
DLH696,0034B,S017,S,Hongshan,Indeterminate,G2,930.76,209,128.68,58.4,73.2,111.3,26055.8,1079.76,4593.73,5741.35,15954.82
DLH697,0034B,S017,S,Hongshan,Indeterminate,G2,942.57,146.83,108.44,31.54,88.01,296.9,18660.81,794.34,3928.76,5905.49,14262.51
DLH698,0034B,S017,S,Hongshan,Indeterminate,G2,866.33,124.36,95.64,23.03,76.76,170.4,11542.02,780.83,2880.93,6856.55,10180.1
DLH699,1142B,D109,D,Hongshan,Guan,G2,1303.28,142.81,162.78,40.69,61.59,196.88,26120.72,942.06,2965.47,10534.38,9335.54
DLH700,1142B,D109,D,Hongshan,Guan,G2,1250.97,129.5,118.54,43.33,53.96,111.38,16472.14,667.75,2340.88,6930.58,13879.22
DLH701,1142A,D109,D,Hongshan,Guan,G2,1314.84,261.91,145.72,62.25,58.26,167.11,36118.41,1075.59,3534.04,6477.77,11978.9
DLH702,1142A,D109,D,Hongshan,Bo,G2,921.56,140.53,115.66,32.21,55.91,143.64,14176.99,720.11,4066.68,5254.21,14828.62
DLH703,1182A,D109,D,Hongshan,Guan,G2,864.37,232.25,124.26,50.2,75.05,110.64,22758.9,781.92,3390.3,6035.63,13140.59
DLH704,1082B,D112,D,Hongshan,Guan,G2,1374.23,322.31,170.04,80.44,48.63,119.74,39365.18,927.1,3884.81,6214.69,16428.14
DLH705,1082B,D112,D,Hongshan,Bo,G2,1274.26,291.96,140.51,72.77,65.13,116.32,38879.24,638.96,3757.79,5453.06,13348.74
DLH706,1083B,D112,D,Hongshan,Bo,G2,723.25,314.44,145.78,82.48,73.63,58.55,32701.41,471.8,4313.74,5377.7,16614.58
DLH707,1084B,D112,D,Hongshan,Bo,G2,143.98,231.13,161.68,58.33,38.69,121.96,24713.96,372.65,2202.39,32684.67,8856.85
DLH708,1083A,D112,D,Hongshan,Bo,G2,864.64,199.06,106.74,38.2,82.47,92.9,21586.06,507.52,4373.39,5394.11,11596.45
DLH709,0216A,S002,S,Hongshan,Guan,G2,966.79,186.37,103.07,44.89,90.25,118.19,22269.29,804.85,2984.02,5651.73,12841.73
DLH710,0016B,S016,S,Hongshan,Bo,G2,874.67,209.07,108.8,44.47,96.14,89.56,24054.97,827.53,4417.57,6429.87,17108.83
DLH711,0054B,S016,S,Hongshan,Guan,G2,875.35,139.83,99.5,27.87,75.85,112.53,18008.07,842.59,3887.26,5015.74,12798.8
DLH712,0034A,S016,S,Hongshan,Guan,G2,1295.72,323.49,165.24,96.84,58.92,153.57,45568.35,1258.3,3140.41,6058.66,12825.24
DLH713,0033B,S017,S,Hongshan,Bo,G2,1187.13,345.75,166.96,71.94,59.62,102.16,39786.12,1100.96,3569.76,7192.81,13952.87
DLH714,1068B,D110,D,Hongshan,Bo,G2,757.86,242.45,155.7,44.3,73.42,71.63,31567.38,598.86,4177.95,8125.2,12050.9
DLH715,1060B,D110,D,Hongshan,Bo,G2,516.24,231.55,152.59,70.84,64.4,96.6,28857.22,534.61,2560.56,14573.86,7938.75
DLH384,2029A,E201,E,Hongshan,Tongxingqi,G1,905.05,340.78,169.82,76.51,47.02,114.8,42646.34,598.53,3728.44,8128.98,13283.69
DLH385,2029A,E201,E,Hongshan,Tongxingqi,G1,817.56,325.15,161.27,61.66,59.92,95.74,41046.11,841.09,3726.37,7391.41,12701.87
DLH386,2029A,E201,E,Hongshan,Tongxingqi,G1,898.1,373.14,170.49,76.3,74.16,105.86,46180.77,759.61,3745.72,6373.6,12221.85
DLH387,2030B,E201,E,Hongshan,Tongxingqi,G1,949.35,331.7,169.14,83.34,66.74,87.69,41996.72,561.32,3186.9,7853.63,11250.7
DLH388,2030B,E201,E,Hongshan,Tongxingqi,G1,853.94,370.19,155.24,73.55,80,104.88,49142.26,733.19,3630.47,5944.88,12009.86
DLH389,2030B,E201,E,Hongshan,Tongxingqi,G1,709.04,370.03,171.39,74.03,78.01,93.42,49019.05,672.43,4112.78,6914.85,12524.45
DLH390,2030B,E201,E,Hongshan,Tongxingqi,G1,993.98,344.69,174.68,88.18,61.89,170.13,41897.41,706.8,2786.86,7706.36,12405.84
DLH391,2031B,E201,E,Hongshan,Tongxingqi,G1,1150.88,347.25,190.45,92.9,60.62,128.87,38274.38,726.6,3604.31,7578.22,14946.38
DLH392,2031B,E201,E,Hongshan,Tongxingqi,G1,941.23,348.54,174.12,95.24,67.16,110.63,42849.83,803.11,3546.6,8551.6,14356.28
DLH393,2030A,E201,E,Hongshan,Tongxingqi,G1,851.57,369.26,170.94,81.47,73.47,84.06,44950.03,744.84,3217.03,7185.78,12217.32
DLH420,2027B,E203,E,Hongshan,Tongxingqi,G1,918.15,346.41,157.19,92,74.73,99.76,42404.07,1021.2,3626.72,7369.05,15190.02
DLH421,2027B,E203,E,Hongshan,Tongxingqi,G1,854.44,352.55,155.93,93.12,73.38,120.92,41908.45,905.42,3542.76,7252.73,15022.51
DLH422,2025B,E203,E,Hongshan,Tongxingqi,G1,985.31,277.06,143.33,75.99,57.18,115.47,43316.77,863.07,3066.39,7671.57,11666.58
DLH423,2024B,E203,E,Hongshan,Tongxingqi,G1,911.99,340.41,168.97,79.78,58.04,114.98,41667.54,559.29,4047.35,7894.05,14702.32
DLH424,2028B,E203,E,Hongshan,Tongxingqi,G1,901.15,348.4,161.95,85.78,64.02,102.73,45739.74,572.15,3943.85,6197.81,14458.17
DLH425,2021A,E203,E,Hongshan,Tongxingqi,G1,909.56,365.32,146.48,92.5,79.65,103.91,47429.94,776.12,4185.84,6417.41,15700.51
DLH426,2021A,E203,E,Hongshan,Tongxingqi,G1,701.15,355.09,153.6,62.24,51.35,102.82,42723.96,375.98,3757.66,6521.15,12450.06
DLH427,2020A,E203,E,Hongshan,Tongxingqi,G1,1013.2,327.99,172.16,89.04,57.06,99.68,39665.96,540.26,3200.42,7548.97,14008.29
DLH428,2020B,E203,E,Hongshan,Tongxingqi,G1,997.68,319.47,168.52,104.55,65.3,107.21,39483.18,849.42,3495.04,6189.55,14990.38
DLH429,2019A,E203,E,Hongshan,Tongxingqi,G1,996.85,307.59,154.7,90.84,79.96,107.85,35310.73,849.36,3955.77,6506.73,15558.11
DLH470,2055B,E207,E,Hongshan,Tongxingqi,G1,1194.47,332.45,179.99,96.85,64.25,113.29,38686.29,804.4,3565.58,9422.27,15293.65
DLH471,2054A,E207,E,Hongshan,Tongxingqi,G1,720.66,352.16,149.02,47.69,78.12,78.28,48536.65,697.06,3412.89,6255.19,10281.11
DLH472,2058B,E207,E,Hongshan,Tongxingqi,G1,1032.95,309.77,163.65,73.46,60.49,103.55,39476.27,696.29,3245.11,7003.6,11672.51
DLH515,2003B,E208,E,Hongshan,Tongxingqi,G1,891.9,344.14,157.85,101.46,69.96,99.13,41869.65,784.57,3584.32,7412.3,15188.63
DLH516,2006B,E208,E,Hongshan,Tongxingqi,G1,1141.38,344.84,200.96,74.16,62.78,111.52,38349,693.82,3190.15,9722.1,12765.19
DLH517,2008A,E208,E,Hongshan,Tongxingqi,G1,802.76,344.49,161.52,70.76,56.8,99.86,42168.36,780.15,3384.31,6704.43,12839.47
DLH569,1056B,D110,D,Hongshan,Tongxingqi,G1,1048.67,359.84,163.16,93.79,63.16,111.09,40173.72,975.2,3530.86,5508.45,13449.53
DLH599,1100A,D116,D,Hongshan,Tongxingqi,G1,975.03,380.13,141.45,96.84,60.74,112.53,41054.5,650.57,3521.83,5625.11,14153.8
DLH600,1100A,D116,D,Hongshan,Tongxingqi,G1,1218.07,344.8,174.9,99.65,58.87,94.89,37565.1,768.64,2878.14,6947.6,14153.66
DLH631,0060A,S023,S,Hongshan,Tongxingqi,G1,1048.79,339.09,163.99,104.2,71.11,91.17,48260.21,1082.61,3810.69,6353.36,16348.35
DLH632,0061B,S023,S,Hongshan,Tongxingqi,G1,1091.19,357.96,147.16,100.19,75.28,141.58,50967.1,1329.42,4233.85,6430.1,15293.71
DLH633,0055B,S023,S,Hongshan,Tongxingqi,G1,913.6,334.98,127.92,76.69,59.93,111.91,47934.64,1073.25,3098.37,4849.8,11437.29
DLH634,0062B,S023,S,Hongshan,Tongxingqi,G1,1019.58,342.7,148.06,108.74,68.73,149.09,48222.55,983.25,1809.13,3141.32,8108.22
DLH635,0062B,S023,S,Hongshan,Tongxingqi,G1,1116.41,387.66,190.79,70.14,54.46,127.11,46740.12,974.6,2475.04,7624.35,10602.52
DLH636,0058A,S023,S,Hongshan,Tongxingqi,G1,1113.77,352.69,176.52,84.51,77.96,121.82,48958.48,1505.38,2128.1,6657.58,8176.49
DLH637,0058A,S023,S,Hongshan,Tongxingqi,G1,902.68,386.05,142,89.95,64.3,108.63,39896.17,916.17,3498.41,5929.46,14326.25
DLH638,0056A,S023,S,Hongshan,Tongxingqi,G1,1400.03,313.37,219.74,92.14,60.99,96.55,41225.84,1027.71,3249.36,9730.14,14596.05
DLH639,0055A,S023,S,Hongshan,Tongxingqi,G1,1015.3,338.89,169.05,81.16,64.62,134.54,48381.16,1379.23,3921.62,6911.61,15054.72
DLH640,0059A,S023,S,Hongshan,Tongxingqi,G1,968.38,351.29,159.08,92.39,64.53,118.29,49366.16,1086.36,2834.88,6619.15,12161.75
DLH664,0032B,S017,S,Hongshan,Tongxingqi,G1,936.59,343.52,152.76,108.53,71.71,110.34,45502.53,1252.91,3702.97,6237.16,16166.15
DLH665,0032B,S017,S,Hongshan,Tongxingqi,G1,1039.52,398.92,170.92,70.03,78.24,122.03,51333.96,1259.89,3888.32,5927.15,12073.81
DLH666,0032B,S017,S,Hongshan,Tongxingqi,G1,1046.06,374.77,151.21,98.06,56.73,100.46,47662.41,1038.38,3682.83,5768.64,14790.41
DLH667,0033B,S017,S,Hongshan,Tongxingqi,G1,1119.87,345.99,163.54,108.49,62.87,128.94,45299,1796.54,3531.03,7674.75,14779.46
DLH668,0033B,S017,S,Hongshan,Tongxingqi,G1,933.67,337.21,147.37,96.19,71.67,88.57,43219.25,713.16,3113.74,5347.33,14007.74
DLH669,0033A,S017,S,Hongshan,Tongxingqi,G1,1142.71,350.25,146.31,116.58,75.57,119.99,48640.3,1021.15,3013.57,4553.29,13744.45
DLH670,0033A,S017,S,Hongshan,Tongxingqi,G1,1223.48,356.31,171.99,82.07,60.12,136.09,44979.06,1337.97,3409.63,6469.86,14751.08
DLH671,0034A,S017,S,Hongshan,Tongxingqi,G1,1179.7,342.7,170.63,89.64,57.76,137.8,43812.04,997.66,3387.05,6531.9,14210.85
DLH672,0034A,S017,S,Hongshan,Tongxingqi,G1,888.09,350.46,156.26,82.46,59.45,108.87,48036.11,974.23,2881.79,5882.4,13503.02
DLH018,2007B,E208,E,Xiaoheyan,Indeterminate,G4,823.57,332.95,173.96,55.5,73.79,1065.23,49072.6,500.26,4270.1,8905.74,12984.63
DLH019,2012B,E206,E,Xiaoheyan,Indeterminate,G4,1254.79,273.67,292.95,89.48,80.56,515.12,39664.5,731.91,2466.97,8754.63,13488.84
DLH024,2023B,E203,E,Xiaoheyan,Indeterminate,G2,1143.25,283.28,272.87,92.44,66.1,462.74,34959.69,629.64,2158.55,8181.35,16014.41
DLH374,2029A,E201,E,Xiaoheyan,Indeterminate,G4,1216.24,324.41,139.85,89.51,59.47,126.35,42100.3,1213.02,3200.36,6103.53,17221.99
DLH375,2038B,E201,E,Xiaoheyan,Indeterminate,G4,985.37,286.75,108.13,77.88,63.09,117.41,41153.7,606.43,2711.36,5970.84,12430.71
DLH376,2038B,E201,E,Xiaoheyan,Indeterminate,G4,930.56,297.9,152.41,72.87,61.97,82.23,42389.76,892.2,3580.22,7081.69,13855.51
DLH377,2038B,E201,E,Xiaoheyan,Indeterminate,G4,1602.31,379.92,227.07,76.12,76.85,136.11,49747.17,984.51,3659.03,6148.54,18243.22
DLH378,2036B,E201,E,Xiaoheyan,Indeterminate,G4,905.33,305.96,119.73,87.5,73.6,68.3,46295.89,829.92,2878.71,6832.08,12567.22
DLH379,2036B,E201,E,Xiaoheyan,Indeterminate,G4,1285.21,293.94,129.74,82.48,64.08,121.2,43225.4,772.92,2854.56,7436,12237.18
DLH380,2037B,E201,E,Xiaoheyan,Indeterminate,G4,992.4,323.67,133.23,73.78,47.67,110.9,46429.58,752.7,2730.34,7410.82,11210.44
DLH381,2037B,E201,E,Xiaoheyan,Indeterminate,G4,683.37,306.59,138.16,74.61,46.52,72.14,41145.85,446.22,2861.19,5541.03,11875.4
DLH382,2037B,E201,E,Xiaoheyan,Indeterminate,G4,1178.03,337.22,125.36,92.03,51.63,132.23,43018.4,1285.18,4036.15,5944.46,16666.91
DLH383,2037B,E201,E,Xiaoheyan,Indeterminate,G4,1125.61,259.9,118.35,90.36,62.38,119.27,39762.84,688.34,3333.82,6595.98,15570.43
DLH455,2021B,E203,E,Xiaoheyan,Indeterminate,G4,1082.83,277.96,195.72,101.31,55.6,89.01,29605.94,723.9,2348.66,7115.55,20888.45
DLH456,2021B,E203,E,Xiaoheyan,Indeterminate,G4,1176.7,273.56,253.51,80.29,62.52,94.8,33965.95,533.75,2758.54,8553,16116.2
DLH457,2025B,E203,E,Xiaoheyan,Indeterminate,G4,953.77,351.19,136.35,107.94,73.61,113.5,43347.73,903.84,3505.18,6635,16241.18
DLH458,2024B,E203,E,Xiaoheyan,Indeterminate,G4,951.55,331.84,123.79,75.67,66.2,119.58,49540.88,648.54,3880.39,7561.48,15746.54
DLH459,2024B,E203,E,Xiaoheyan,Indeterminate,G4,1200.8,287.02,214.39,94.13,63.74,113.62,41755.27,992.56,3357.35,6113.91,15004.16
DLH460,2023B,E203,E,Xiaoheyan,Indeterminate,G4,1505.4,276.13,297.21,77.58,81.42,102.78,35529.3,442.18,2624.83,8752.16,15073.19
DLH461,2023B,E203,E,Xiaoheyan,Indeterminate,G4,1278.15,278.22,203.58,92.39,52.98,135.08,39445.7,791.09,3198.18,7671.51,16354.18
DLH462,2023B,E203,E,Xiaoheyan,Indeterminate,G4,1172.35,291.37,145.5,88.78,62.03,120.38,44895.11,1220.73,3047.09,7655.02,13344.59
DLH463,2023B,E203,E,Xiaoheyan,Indeterminate,G4,1172.35,291.37,145.5,88.78,62.03,120.38,44895.11,1220.73,3047.09,7655.02,13344.59
DLH464,2023B,E203,E,Xiaoheyan,Indeterminate,G4,1216.26,306.79,132.26,82.56,42.11,128.94,43750.6,624.67,3088.82,6722.55,13036.27
DLH465,2028B,E203,E,Xiaoheyan,Guan,G4,955.18,299.45,175.2,76.63,65.07,98.6,42619.99,948.72,3083.5,11979.28,12585.13
DLH466,2019B,E203,E,Xiaoheyan,Indeterminate,G4,1253.26,324.33,181.08,85.19,57.58,124.36,43671.88,897.05,2557.61,8228.26,11630.5
DLH467,2019B,E203,E,Xiaoheyan,Indeterminate,G4,1135.56,315.08,152,82.92,50.54,119.95,39971.27,1022.2,2733.23,6883.42,10991.49
DLH468,2028A,E203,E,Xiaoheyan,Indeterminate,G4,1191.83,309.35,172.53,85.39,56.36,121.73,41077.96,821.94,3321.48,8410.58,14377.1
DLH469,2025A,E203,E,Xiaoheyan,Indeterminate,G4,1048.03,299.93,176.91,93.15,55.18,98.96,35241.58,615.96,2548.25,8706.22,20680.59
DLH505,2055B,E207,E,Xiaoheyan,Indeterminate,G4,942.95,292.67,149.22,82.53,67.89,128.34,47396.2,676.63,3366.96,7777.57,14594.83
DLH506,2055B,E207,E,Xiaoheyan,Indeterminate,G4,986.45,325.29,139.23,81.42,66.35,128.79,43129.24,585.87,3810.65,7617.79,15159.64
DLH507,2054B,E207,E,Xiaoheyan,Guan,G4,1072.75,300.03,173.78,77.71,69.08,125.72,45000.9,718.37,3904.66,8482.36,13998.78
DLH508,2054B,E207,E,Xiaoheyan,Guan,G4,1219.86,295.96,164.64,85.55,60.39,227.42,45909.66,810.26,3781.54,7735.37,15794.82
DLH509,2054B,E207,E,Xiaoheyan,Indeterminate,G4,1133.18,354.53,161.64,86.76,46.97,255.62,38299.75,1227.15,4210.44,6199.78,17001.14
DLH510,2057B,E207,E,Xiaoheyan,Indeterminate,G4,1115.61,300.83,174.13,87.71,76.19,83.92,40701.17,874.47,3440.21,9720.23,14522.97
DLH511,2057B,E207,E,Xiaoheyan,Indeterminate,G4,1055.19,312.86,154.51,81.34,49.84,108.88,42549.88,943.69,4087.39,7843.28,15884.73
DLH512,2060B,E207,E,Xiaoheyan,Indeterminate,G4,883.49,334.79,164.71,81.54,53.07,92.96,36641.73,498.95,3253.86,7491.25,13467.19
DLH513,2060B,E207,E,Xiaoheyan,Indeterminate,G4,1089.35,344.01,145.4,89.51,49.8,212.03,39562.88,819.81,3281.33,6974.33,14954.34
DLH514,2060B,E207,E,Xiaoheyan,Indeterminate,G4,1089.35,344.01,145.4,89.51,49.8,212.03,39562.88,819.81,3281.33,6974.33,14954.34
DLH552,2001B,E208,E,Xiaoheyan,Indeterminate,G4,1166.34,328.8,158.36,83.31,43.6,108.55,40282.98,1152.48,3572.37,6574.66,14192
DLH553,2003B,E208,E,Xiaoheyan,Indeterminate,G4,1235.46,296.58,252.44,75.23,61.07,127.95,40391.85,967.29,3513.32,8847.72,16661.31
DLH554,2005B,E208,E,Xiaoheyan,Indeterminate,G4,1167.11,321.42,310.23,71.49,69.62,115.57,48597.54,876.62,2417.04,8623.52,12333.94
DLH555,2006B,E208,E,Xiaoheyan,Indeterminate,G4,1259.55,321.13,183.38,84.27,63.73,135.98,44207.34,863.02,3081.72,8608.42,15726.72
DLH556,2009A,E208,E,Xiaoheyan,Indeterminate,G4,1399.72,300.71,138.76,110.53,47.53,143.53,35689.88,901.03,3022.1,5768.89,17261.17
DLH557,2005A,E208,E,Xiaoheyan,Indeterminate,G4,1073.82,376.46,173.27,80.74,64.38,112.53,47041.55,709.83,2709.41,6057.25,9951.09
DLH558,2010A,E208,E,Xiaoheyan,Indeterminate,G4,1083.55,293.79,265.07,75.58,52.47,81.77,37525.08,772.03,2578,8106.72,13025.63
DLH559,2010A,E208,E,Xiaoheyan,Indeterminate,G4,973.28,303.15,155.82,78.78,63.36,105.77,43511.55,827.09,3243.65,8187.51,13081.57
DLH560,2010A,E208,E,Xiaoheyan,Indeterminate,G4,1215.17,317.27,155.11,82.54,65.32,108.59,43170.98,1141.01,3471,7325.14,14753.82
DLH561,2010B,E208,E,Xiaoheyan,Indeterminate,G4,1241.85,317.2,161.96,84.39,58.39,117.64,39567.34,624.16,2789.49,6702.77,12575.76